Date	Time	Temperature
28-03-2017	20:28:00	32
28-03-2017	20:28:00	32
28-03-2017	20:28:00	32
28-03-2017	20:28:00	32
28-03-2017	20:28:00	32
28-03-2017	20:28:00	32
28-03-2017	20:28:00	32
28-03-2017	20:28:00	32
28-03-2017	20:28:00	32
28-03-2017	20:28:00	32
28-03-2017	20:28:00	32
28-03-2017	20:28:00	32
28-03-2017	20:28:00	32
28-03-2017	20:28:00	32
28-03-2017	20:28:00	32
28-03-2017	20:28:00	32
28-03-2017	20:28:00	32
28-03-2017	20:28:00	32
28-03-2017	20:28:00	32
28-03-2017	20:28:00	32
28-03-2017	20:28:00	32
28-03-2017	20:28:00	32
28-03-2017	20:28:00	32
28-03-2017	20:28:00	32
28-03-2017	20:28:00	31
28-03-2017	20:28:00	31
28-03-2017	20:28:00	31
28-03-2017	20:28:00	31
28-03-2017	20:28:00	32
28-03-2017	20:28:00	31
28-03-2017	20:28:00	31
28-03-2017	20:28:00	31
28-03-2017	20:28:00	31
28-03-2017	20:28:00	31
28-03-2017	20:28:00	31
28-03-2017	20:28:00	31
28-03-2017	20:28:00	31
28-03-2017	20:28:00	31
28-03-2017	20:28:00	31
28-03-2017	20:28:00	32
28-03-2017	20:28:00	32
28-03-2017	20:28:00	32
28-03-2017	20:28:00	31
28-03-2017	20:28:00	32
28-03-2017	20:28:00	32
28-03-2017	20:28:00	32
28-03-2017	20:28:00	32
28-03-2017	20:28:00	32
28-03-2017	20:28:00	32
28-03-2017	20:28:00	32
28-03-2017	20:28:00	32
28-03-2017	20:28:00	32
28-03-2017	20:28:00	32
28-03-2017	20:28:00	32
28-03-2017	20:28:00	32
28-03-2017	20:28:00	32
28-03-2017	20:28:00	32
28-03-2017	20:28:00	32
28-03-2017	20:28:00	32
28-03-2017	20:28:00	32
28-03-2017	20:29:00	32
28-03-2017	20:29:00	32
28-03-2017	20:29:00	31
28-03-2017	20:29:00	32
28-03-2017	20:29:00	32
28-03-2017	20:29:00	31
28-03-2017	20:29:00	32
28-03-2017	20:29:00	31
28-03-2017	20:29:00	32
28-03-2017	20:29:00	31
28-03-2017	20:29:00	31
28-03-2017	20:29:00	32
28-03-2017	20:29:00	32
28-03-2017	20:29:00	31
28-03-2017	20:29:00	31
28-03-2017	20:29:00	31
28-03-2017	20:29:00	31
28-03-2017	20:29:00	32
28-03-2017	20:29:00	31
28-03-2017	20:29:00	31
28-03-2017	20:29:00	31
28-03-2017	20:29:00	31
28-03-2017	20:29:00	31
28-03-2017	20:29:00	31
28-03-2017	20:29:00	31
28-03-2017	20:29:00	31
28-03-2017	20:29:00	31
28-03-2017	20:29:00	31
28-03-2017	20:29:00	31
28-03-2017	20:29:00	31
28-03-2017	20:29:00	31
28-03-2017	20:29:00	31
28-03-2017	20:29:00	31
28-03-2017	20:29:00	31
28-03-2017	20:29:00	31
28-03-2017	20:29:00	31
28-03-2017	20:29:00	31
28-03-2017	20:29:00	31
28-03-2017	20:29:00	31
28-03-2017	20:29:00	32
28-03-2017	20:29:00	31
28-03-2017	20:29:00	31
28-03-2017	20:29:00	31
28-03-2017	20:29:00	31
28-03-2017	20:29:00	31
28-03-2017	20:29:00	31
28-03-2017	20:29:00	31
28-03-2017	20:29:00	31
28-03-2017	20:29:00	31
28-03-2017	20:29:00	31
28-03-2017	20:29:00	31
28-03-2017	20:29:00	31
28-03-2017	20:29:00	31
28-03-2017	20:29:00	31
28-03-2017	20:29:00	31
28-03-2017	20:29:00	31
28-03-2017	20:29:00	31
28-03-2017	20:29:00	31
28-03-2017	20:29:00	31
28-03-2017	20:29:00	31
28-03-2017	20:30:00	31
28-03-2017	20:30:00	31
28-03-2017	20:30:00	31
28-03-2017	20:30:00	31
28-03-2017	20:30:00	31
28-03-2017	20:30:00	31
28-03-2017	20:30:00	31
28-03-2017	20:30:00	31
28-03-2017	20:30:00	31
28-03-2017	20:30:00	31
28-03-2017	20:30:00	31
28-03-2017	20:30:00	31
28-03-2017	20:30:00	31
28-03-2017	20:30:00	31
28-03-2017	20:30:00	31
28-03-2017	20:30:00	31
28-03-2017	20:30:00	31
28-03-2017	20:30:00	31
28-03-2017	20:30:00	31
28-03-2017	20:30:00	31
28-03-2017	20:30:00	31
28-03-2017	20:30:00	31
28-03-2017	20:30:00	31
28-03-2017	20:30:00	31
28-03-2017	20:30:00	31
28-03-2017	20:30:00	31
28-03-2017	20:30:00	31
28-03-2017	20:30:00	31
28-03-2017	20:30:00	31
28-03-2017	20:30:00	31
28-03-2017	20:30:00	31
28-03-2017	20:30:00	31
28-03-2017	20:30:00	31
28-03-2017	20:30:00	31
28-03-2017	20:30:00	31
28-03-2017	20:30:00	31
28-03-2017	20:30:00	31
28-03-2017	20:30:00	31
28-03-2017	20:30:00	31
28-03-2017	20:30:00	31
28-03-2017	20:30:00	31
28-03-2017	20:30:00	31
28-03-2017	20:30:00	31
28-03-2017	20:30:00	31
28-03-2017	20:30:00	31
28-03-2017	20:30:00	31
28-03-2017	20:30:00	31
28-03-2017	20:30:00	31
28-03-2017	20:30:00	31
28-03-2017	20:30:00	31
28-03-2017	20:30:00	32
28-03-2017	20:30:00	31
28-03-2017	20:30:00	32
28-03-2017	20:30:00	31
28-03-2017	20:30:00	31
28-03-2017	20:30:00	31
28-03-2017	20:30:00	32
28-03-2017	20:30:00	32
28-03-2017	20:30:00	32
28-03-2017	20:30:00	32
28-03-2017	20:31:00	32
28-03-2017	20:31:00	32
28-03-2017	20:31:00	32
28-03-2017	20:31:00	32
28-03-2017	20:31:00	32
28-03-2017	20:31:00	32
28-03-2017	20:31:00	32
28-03-2017	20:31:00	32
28-03-2017	20:31:00	32
28-03-2017	20:31:00	32
28-03-2017	20:31:00	32
28-03-2017	20:31:00	32
28-03-2017	20:31:00	32
28-03-2017	20:31:00	32
28-03-2017	20:31:00	32
28-03-2017	20:31:00	32
28-03-2017	20:31:00	32
28-03-2017	20:31:00	32
28-03-2017	20:31:00	32
28-03-2017	20:31:00	32
28-03-2017	20:31:00	32
28-03-2017	20:31:00	32
28-03-2017	20:31:00	32
28-03-2017	20:31:00	32
28-03-2017	20:31:00	32
28-03-2017	20:31:00	32
28-03-2017	20:31:00	32
28-03-2017	20:31:00	32
28-03-2017	20:31:00	32
28-03-2017	20:31:00	32
28-03-2017	20:31:00	32
28-03-2017	20:31:00	32
28-03-2017	20:31:00	32
28-03-2017	20:31:00	32
28-03-2017	20:31:00	32
28-03-2017	20:31:00	32
28-03-2017	20:31:00	32
28-03-2017	20:31:00	32
28-03-2017	20:31:00	32
28-03-2017	20:31:00	32
28-03-2017	20:31:00	32
28-03-2017	20:31:00	32
28-03-2017	20:31:00	32
28-03-2017	20:31:00	32
28-03-2017	20:31:00	32
28-03-2017	20:31:00	32
28-03-2017	20:31:00	32
28-03-2017	20:31:00	32
28-03-2017	20:31:00	32
28-03-2017	20:31:00	32
28-03-2017	20:31:00	32
28-03-2017	20:31:00	32
28-03-2017	20:31:00	33
28-03-2017	20:31:00	32
28-03-2017	20:31:00	32
28-03-2017	20:31:00	32
28-03-2017	20:31:00	32
28-03-2017	20:31:00	32
28-03-2017	20:31:00	33
28-03-2017	20:31:00	32
28-03-2017	20:32:00	32
28-03-2017	20:32:00	32
28-03-2017	20:32:00	33
28-03-2017	20:32:00	32
28-03-2017	20:32:00	32
28-03-2017	20:32:00	33
28-03-2017	20:32:00	32
28-03-2017	20:32:00	32
28-03-2017	20:32:00	33
28-03-2017	20:32:00	32
28-03-2017	20:32:00	32
28-03-2017	20:32:00	32
28-03-2017	20:32:00	32
28-03-2017	20:32:00	32
28-03-2017	20:32:00	33
28-03-2017	20:32:00	32
28-03-2017	20:32:00	32
28-03-2017	20:32:00	33
28-03-2017	20:32:00	32
28-03-2017	20:32:00	33
28-03-2017	20:32:00	33
28-03-2017	20:32:00	32
28-03-2017	20:32:00	33
28-03-2017	20:32:00	33
28-03-2017	20:32:00	33
28-03-2017	20:32:00	33
28-03-2017	20:32:00	33
28-03-2017	20:32:00	33
28-03-2017	20:32:00	33
28-03-2017	20:32:00	33
28-03-2017	20:32:00	33
28-03-2017	20:32:00	33
28-03-2017	20:32:00	33
28-03-2017	20:32:00	33
28-03-2017	20:32:00	33
28-03-2017	20:32:00	33
28-03-2017	20:32:00	33
28-03-2017	20:32:00	33
28-03-2017	20:32:00	33
28-03-2017	20:32:00	32
28-03-2017	20:32:00	33
28-03-2017	20:32:00	33
28-03-2017	20:32:00	33
28-03-2017	20:32:00	33
28-03-2017	20:32:00	33
28-03-2017	20:32:00	33
28-03-2017	20:32:00	33
28-03-2017	20:32:00	33
28-03-2017	20:32:00	33
28-03-2017	20:32:00	33
28-03-2017	20:32:00	33
28-03-2017	20:32:00	33
28-03-2017	20:32:00	33
28-03-2017	20:32:00	33
28-03-2017	20:32:00	33
28-03-2017	20:32:00	33
28-03-2017	20:32:00	32
28-03-2017	20:32:00	33
28-03-2017	20:32:00	33
28-03-2017	20:32:00	32
28-03-2017	20:33:00	33
28-03-2017	20:33:00	32
28-03-2017	20:33:00	32
28-03-2017	20:33:00	32
28-03-2017	20:33:00	32
28-03-2017	20:33:00	32
28-03-2017	20:33:00	32
28-03-2017	20:33:00	32
28-03-2017	20:33:00	32
28-03-2017	20:33:00	32
28-03-2017	20:33:00	32
28-03-2017	20:33:00	32
28-03-2017	20:33:00	32
28-03-2017	20:33:00	32
28-03-2017	20:33:00	32
28-03-2017	20:33:00	32
28-03-2017	20:33:00	32
28-03-2017	20:33:00	32
28-03-2017	20:33:00	32
28-03-2017	20:33:00	32
28-03-2017	20:33:00	32
28-03-2017	20:33:00	32
28-03-2017	20:33:00	32
28-03-2017	20:33:00	32
28-03-2017	20:33:00	32
28-03-2017	20:33:00	32
28-03-2017	20:33:00	32
28-03-2017	20:33:00	32
28-03-2017	20:33:00	32
28-03-2017	20:33:00	32
28-03-2017	20:33:00	32
28-03-2017	20:33:00	32
28-03-2017	20:33:00	32
28-03-2017	20:33:00	32
28-03-2017	20:33:00	32
28-03-2017	20:33:00	32
28-03-2017	20:33:00	32
28-03-2017	20:33:00	32
28-03-2017	20:33:00	32
28-03-2017	20:33:00	32
28-03-2017	20:33:00	32
28-03-2017	20:33:00	32
28-03-2017	20:33:00	32
28-03-2017	20:33:00	32
28-03-2017	20:33:00	32
28-03-2017	20:33:00	32
28-03-2017	20:33:00	32
28-03-2017	20:33:00	32
28-03-2017	20:33:00	32
28-03-2017	20:33:00	32
28-03-2017	20:33:00	32
28-03-2017	20:33:00	32
28-03-2017	20:33:00	32
28-03-2017	20:33:00	32
28-03-2017	20:33:00	32
28-03-2017	20:33:00	32
28-03-2017	20:33:00	32
28-03-2017	20:33:00	32
28-03-2017	20:33:00	32
28-03-2017	20:33:00	32
28-03-2017	20:34:00	32
28-03-2017	20:34:00	32
28-03-2017	20:34:00	32
28-03-2017	20:34:00	32
28-03-2017	20:34:00	32
28-03-2017	20:34:00	32
28-03-2017	20:34:00	32
28-03-2017	20:34:00	32
28-03-2017	20:34:00	32
28-03-2017	20:34:00	32
28-03-2017	20:34:00	32
28-03-2017	20:34:00	32
28-03-2017	20:34:00	32
28-03-2017	20:34:00	32
28-03-2017	20:34:00	32
28-03-2017	20:34:00	32
28-03-2017	20:34:00	32
28-03-2017	20:34:00	32
28-03-2017	20:34:00	32
28-03-2017	20:34:00	32
28-03-2017	20:34:00	32
28-03-2017	20:34:00	32
28-03-2017	20:34:00	32
28-03-2017	20:34:00	32
28-03-2017	20:34:00	32
28-03-2017	20:34:00	32
28-03-2017	20:34:00	32
28-03-2017	20:34:00	32
28-03-2017	20:34:00	32
28-03-2017	20:34:00	32
28-03-2017	20:34:00	32
28-03-2017	20:34:00	32
28-03-2017	20:34:00	32
28-03-2017	20:34:00	32
28-03-2017	20:34:00	32
28-03-2017	20:34:00	32
28-03-2017	20:34:00	32
28-03-2017	20:34:00	32
28-03-2017	20:34:00	32
28-03-2017	20:34:00	32
28-03-2017	20:34:00	32
28-03-2017	20:34:00	32
28-03-2017	20:34:00	32
28-03-2017	20:34:00	32
28-03-2017	20:34:00	32
28-03-2017	20:34:00	32
28-03-2017	20:34:00	32
28-03-2017	20:34:00	32
28-03-2017	20:34:00	32
28-03-2017	20:34:00	32
28-03-2017	20:34:00	32
28-03-2017	20:34:00	32
28-03-2017	20:34:00	32
28-03-2017	20:34:00	32
28-03-2017	20:34:00	32
28-03-2017	20:34:00	32
28-03-2017	20:34:00	32
28-03-2017	20:34:00	32
28-03-2017	20:34:00	32
28-03-2017	20:34:00	32
28-03-2017	20:35:00	32
28-03-2017	20:35:00	32
28-03-2017	20:35:00	32
28-03-2017	20:35:00	32
28-03-2017	20:35:00	32
28-03-2017	20:35:00	32
28-03-2017	20:35:00	32
28-03-2017	20:35:00	32
28-03-2017	20:35:00	32
28-03-2017	20:35:00	32
28-03-2017	20:35:00	32
28-03-2017	20:35:00	32
28-03-2017	20:35:00	32
28-03-2017	20:35:00	32
28-03-2017	20:35:00	32
28-03-2017	20:35:00	32
28-03-2017	20:35:00	32
28-03-2017	20:35:00	32
28-03-2017	20:35:00	32
28-03-2017	20:35:00	32
28-03-2017	20:35:00	32
28-03-2017	20:35:00	32
28-03-2017	20:35:00	32
28-03-2017	20:35:00	32
28-03-2017	20:35:00	32
28-03-2017	20:35:00	32
28-03-2017	20:35:00	32
28-03-2017	20:35:00	32
28-03-2017	20:35:00	32
28-03-2017	20:35:00	32
28-03-2017	20:35:00	32
28-03-2017	20:35:00	32
28-03-2017	20:35:00	32
28-03-2017	20:35:00	32
28-03-2017	20:35:00	32
28-03-2017	20:35:00	32
28-03-2017	20:35:00	32
28-03-2017	20:35:00	32
28-03-2017	20:35:00	32
28-03-2017	20:35:00	32
28-03-2017	20:35:00	32
28-03-2017	20:35:00	32
28-03-2017	20:35:00	32
28-03-2017	20:35:00	32
28-03-2017	20:35:00	32
28-03-2017	20:35:00	32
28-03-2017	20:35:00	32
28-03-2017	20:35:00	32
28-03-2017	20:35:00	32
28-03-2017	20:35:00	32
28-03-2017	20:35:00	32
28-03-2017	20:35:00	32
28-03-2017	20:35:00	32
28-03-2017	20:35:00	32
28-03-2017	20:35:00	32
28-03-2017	20:35:00	32
28-03-2017	20:35:00	32
28-03-2017	20:35:00	32
28-03-2017	20:35:00	32
28-03-2017	20:35:00	32
28-03-2017	20:36:00	31
28-03-2017	20:36:00	32
28-03-2017	20:36:00	32
28-03-2017	20:36:00	31
28-03-2017	20:36:00	32
28-03-2017	20:36:00	31
28-03-2017	20:36:00	32
28-03-2017	20:36:00	31
28-03-2017	20:36:00	31
28-03-2017	20:36:00	31
28-03-2017	20:36:00	31
28-03-2017	20:36:00	31
28-03-2017	20:36:00	31
28-03-2017	20:36:00	31
28-03-2017	20:36:00	31
28-03-2017	20:36:00	31
28-03-2017	20:36:00	31
28-03-2017	20:36:00	31
28-03-2017	20:36:00	31
28-03-2017	20:36:00	31
28-03-2017	20:36:00	31
28-03-2017	20:36:00	31
28-03-2017	20:36:00	31
28-03-2017	20:36:00	31
28-03-2017	20:36:00	31
28-03-2017	20:36:00	31
28-03-2017	20:36:00	31
28-03-2017	20:36:00	31
28-03-2017	20:36:00	31
28-03-2017	20:36:00	31
28-03-2017	20:36:00	31
28-03-2017	20:36:00	31
28-03-2017	20:36:00	31
28-03-2017	20:36:00	31
28-03-2017	20:36:00	31
28-03-2017	20:36:00	31
28-03-2017	20:36:00	31
28-03-2017	20:36:00	31
28-03-2017	20:36:00	31
28-03-2017	20:36:00	31
28-03-2017	20:36:00	31
28-03-2017	20:36:00	31
28-03-2017	20:36:00	31
28-03-2017	20:36:00	31
28-03-2017	20:36:00	31
28-03-2017	20:36:00	31
28-03-2017	20:36:00	31
28-03-2017	20:36:00	31
28-03-2017	20:36:00	31
28-03-2017	20:36:00	31
28-03-2017	20:36:00	31
28-03-2017	20:36:00	31
28-03-2017	20:36:00	31
28-03-2017	20:36:00	31
28-03-2017	20:36:00	31
28-03-2017	20:36:00	31
28-03-2017	20:36:00	31
28-03-2017	20:36:00	31
28-03-2017	20:36:00	31
28-03-2017	20:36:00	31
28-03-2017	20:37:00	31
28-03-2017	20:37:00	31
28-03-2017	20:37:00	31
28-03-2017	20:37:00	31
28-03-2017	20:37:00	31
28-03-2017	20:37:00	31
28-03-2017	20:37:00	31
28-03-2017	20:37:00	31
28-03-2017	20:37:00	31
28-03-2017	20:37:00	31
28-03-2017	20:37:00	31
28-03-2017	20:37:00	31
28-03-2017	20:37:00	31
28-03-2017	20:37:00	31
28-03-2017	20:37:00	31
28-03-2017	20:37:00	31
28-03-2017	20:37:00	31
28-03-2017	20:37:00	31
28-03-2017	20:37:00	31
28-03-2017	20:37:00	31
28-03-2017	20:37:00	31
28-03-2017	20:37:00	31
28-03-2017	20:37:00	31
28-03-2017	20:37:00	31
28-03-2017	20:37:00	31
28-03-2017	20:37:00	31
28-03-2017	20:37:00	32
28-03-2017	20:37:00	31
28-03-2017	20:37:00	32
28-03-2017	20:37:00	32
28-03-2017	20:37:00	31
28-03-2017	20:37:00	31
28-03-2017	20:37:00	31
28-03-2017	20:37:00	32
28-03-2017	20:37:00	32
28-03-2017	20:37:00	31
28-03-2017	20:37:00	31
28-03-2017	20:37:00	32
28-03-2017	20:37:00	32
28-03-2017	20:37:00	32
28-03-2017	20:37:00	31
28-03-2017	20:37:00	32
28-03-2017	20:37:00	32
28-03-2017	20:37:00	31
28-03-2017	20:37:00	32
28-03-2017	20:37:00	32
28-03-2017	20:37:00	32
28-03-2017	20:37:00	32
28-03-2017	20:37:00	32
28-03-2017	20:37:00	32
28-03-2017	20:37:00	32
28-03-2017	20:37:00	32
28-03-2017	20:37:00	32
28-03-2017	20:37:00	32
28-03-2017	20:37:00	32
28-03-2017	20:37:00	32
28-03-2017	20:37:00	32
28-03-2017	20:37:00	32
28-03-2017	20:37:00	32
28-03-2017	20:37:00	32
28-03-2017	20:38:00	32
28-03-2017	20:38:00	32
28-03-2017	20:38:00	32
28-03-2017	20:38:00	32
28-03-2017	20:38:00	32
28-03-2017	20:38:00	32
28-03-2017	20:38:00	32
28-03-2017	20:38:00	32
28-03-2017	20:38:00	32
28-03-2017	20:38:00	32
28-03-2017	20:38:00	32
28-03-2017	20:38:00	32
28-03-2017	20:38:00	31
28-03-2017	20:38:00	31
28-03-2017	20:38:00	32
28-03-2017	20:38:00	31
28-03-2017	20:38:00	31
28-03-2017	20:38:00	32
28-03-2017	20:38:00	32
28-03-2017	20:38:00	32
28-03-2017	20:38:00	32
28-03-2017	20:38:00	31
28-03-2017	20:38:00	32
28-03-2017	20:38:00	32
28-03-2017	20:38:00	32
28-03-2017	20:38:00	32
28-03-2017	20:38:00	32
28-03-2017	20:38:00	32
28-03-2017	20:38:00	32
28-03-2017	20:38:00	32
28-03-2017	20:38:00	32
28-03-2017	20:38:00	31
28-03-2017	20:38:00	31
28-03-2017	20:38:00	31
28-03-2017	20:38:00	32
28-03-2017	20:38:00	31
28-03-2017	20:38:00	31
28-03-2017	20:38:00	32
28-03-2017	20:38:00	31
28-03-2017	20:38:00	31
28-03-2017	20:38:00	31
28-03-2017	20:38:00	31
28-03-2017	20:38:00	32
28-03-2017	20:38:00	32
28-03-2017	20:38:00	32
28-03-2017	20:38:00	32
28-03-2017	20:38:00	32
28-03-2017	20:38:00	32
28-03-2017	20:38:00	32
28-03-2017	20:38:00	32
28-03-2017	20:38:00	32
28-03-2017	20:38:00	32
28-03-2017	20:38:00	32
28-03-2017	20:38:00	32
28-03-2017	20:38:00	32
28-03-2017	20:38:00	32
28-03-2017	20:38:00	32
28-03-2017	20:38:00	32
28-03-2017	20:38:00	32
28-03-2017	20:38:00	32
28-03-2017	20:39:00	32
28-03-2017	20:39:00	32
28-03-2017	20:39:00	32
28-03-2017	20:39:00	32
28-03-2017	20:39:00	32
28-03-2017	20:39:00	32
28-03-2017	20:39:00	32
28-03-2017	20:39:00	32
28-03-2017	20:39:00	32
28-03-2017	20:39:00	32
28-03-2017	20:39:00	32
28-03-2017	20:39:00	32
28-03-2017	20:39:00	32
28-03-2017	20:39:00	32
28-03-2017	20:39:00	32
28-03-2017	20:39:00	32
28-03-2017	20:39:00	32
28-03-2017	20:39:00	32
28-03-2017	20:39:00	32
28-03-2017	20:39:00	32
28-03-2017	20:39:00	32
28-03-2017	20:39:00	32
28-03-2017	20:39:00	32
28-03-2017	20:39:00	32
28-03-2017	20:39:00	32
28-03-2017	20:39:00	32
28-03-2017	20:39:00	32
28-03-2017	20:39:00	32
28-03-2017	20:39:00	32
28-03-2017	20:39:00	32
28-03-2017	20:39:00	32
28-03-2017	20:39:00	32
28-03-2017	20:39:00	32
28-03-2017	20:39:00	32
28-03-2017	20:39:00	32
28-03-2017	20:39:00	32
28-03-2017	20:39:00	32
28-03-2017	20:39:00	32
28-03-2017	20:39:00	32
28-03-2017	20:39:00	32
28-03-2017	20:39:00	32
28-03-2017	20:39:00	32
28-03-2017	20:39:00	32
28-03-2017	20:39:00	32
28-03-2017	20:39:00	32
28-03-2017	20:39:00	32
28-03-2017	20:39:00	32
28-03-2017	20:39:00	32
28-03-2017	20:39:00	32
28-03-2017	20:39:00	32
28-03-2017	20:39:00	32
28-03-2017	20:39:00	32
28-03-2017	20:39:00	32
28-03-2017	20:39:00	32
28-03-2017	20:39:00	32
28-03-2017	20:39:00	32
28-03-2017	20:39:00	32
28-03-2017	20:39:00	32
28-03-2017	20:39:00	32
28-03-2017	20:40:00	32
28-03-2017	20:40:00	32
28-03-2017	20:40:00	32
28-03-2017	20:40:00	32
28-03-2017	20:40:00	32
28-03-2017	20:40:00	32
28-03-2017	20:40:00	32
28-03-2017	20:40:00	32
28-03-2017	20:40:00	32
28-03-2017	20:40:00	32
28-03-2017	20:40:00	32
28-03-2017	20:40:00	32
28-03-2017	20:40:00	32
28-03-2017	20:40:00	32
28-03-2017	20:40:00	32
28-03-2017	20:40:00	32
28-03-2017	20:40:00	32
28-03-2017	20:40:00	32
28-03-2017	20:40:00	32
28-03-2017	20:40:00	32
28-03-2017	20:40:00	32
28-03-2017	20:40:00	32
28-03-2017	20:40:00	32
28-03-2017	20:40:00	32
28-03-2017	20:40:00	32
28-03-2017	20:40:00	32
28-03-2017	20:40:00	32
28-03-2017	20:40:00	32
28-03-2017	20:40:00	32
28-03-2017	20:40:00	32
28-03-2017	20:40:00	32
28-03-2017	20:40:00	32
28-03-2017	20:40:00	32
28-03-2017	20:40:00	32
28-03-2017	20:40:00	32
28-03-2017	20:40:00	32
28-03-2017	20:40:00	32
28-03-2017	20:40:00	32
28-03-2017	20:40:00	32
28-03-2017	20:40:00	32
28-03-2017	20:40:00	32
28-03-2017	20:40:00	31
28-03-2017	20:40:00	31
28-03-2017	20:40:00	31
28-03-2017	20:40:00	31
28-03-2017	20:40:00	31
28-03-2017	20:40:00	31
28-03-2017	20:40:00	31
28-03-2017	20:40:00	31
28-03-2017	20:40:00	31
28-03-2017	20:40:00	31
28-03-2017	20:40:00	32
28-03-2017	20:40:00	32
28-03-2017	20:40:00	32
28-03-2017	20:40:00	32
28-03-2017	20:40:00	32
28-03-2017	20:40:00	32
28-03-2017	20:40:00	32
28-03-2017	20:40:00	32
28-03-2017	20:40:00	31
28-03-2017	20:41:00	31
28-03-2017	20:41:00	32
28-03-2017	20:41:00	32
28-03-2017	20:41:00	32
28-03-2017	20:41:00	32
28-03-2017	20:41:00	32
28-03-2017	20:41:00	32
28-03-2017	20:41:00	32
28-03-2017	20:41:00	32
28-03-2017	20:41:00	32
28-03-2017	20:41:00	32
28-03-2017	20:41:00	32
28-03-2017	20:41:00	32
28-03-2017	20:41:00	32
28-03-2017	20:41:00	32
28-03-2017	20:41:00	32
28-03-2017	20:41:00	32
28-03-2017	20:41:00	32
28-03-2017	20:41:00	32
28-03-2017	20:41:00	32
28-03-2017	20:41:00	32
28-03-2017	20:41:00	32
28-03-2017	20:41:00	32
28-03-2017	20:41:00	32
28-03-2017	20:41:00	32
28-03-2017	20:41:00	32
28-03-2017	20:41:00	32
28-03-2017	20:41:00	32
28-03-2017	20:41:00	32
28-03-2017	20:41:00	32
28-03-2017	20:41:00	32
28-03-2017	20:41:00	32
28-03-2017	20:41:00	32
28-03-2017	20:41:00	32
28-03-2017	20:41:00	32
28-03-2017	20:41:00	32
28-03-2017	20:41:00	32
28-03-2017	20:41:00	32
28-03-2017	20:41:00	32
28-03-2017	20:41:00	32
28-03-2017	20:41:00	32
28-03-2017	20:41:00	32
28-03-2017	20:41:00	32
28-03-2017	20:41:00	32
28-03-2017	20:41:00	32
28-03-2017	20:41:00	32
28-03-2017	20:41:00	32
28-03-2017	20:41:00	32
28-03-2017	20:41:00	32
28-03-2017	20:41:00	32
28-03-2017	20:41:00	32
28-03-2017	20:41:00	32
28-03-2017	20:41:00	32
28-03-2017	20:41:00	32
28-03-2017	20:41:00	32
28-03-2017	20:41:00	32
28-03-2017	20:41:00	32
28-03-2017	20:41:00	33
28-03-2017	20:41:00	33
28-03-2017	20:41:00	33
28-03-2017	20:42:00	33
28-03-2017	20:42:00	32
28-03-2017	20:42:00	32
28-03-2017	20:42:00	32
28-03-2017	20:42:00	32
28-03-2017	20:42:00	32
28-03-2017	20:42:00	32
28-03-2017	20:42:00	32
28-03-2017	20:42:00	32
28-03-2017	20:42:00	32
28-03-2017	20:42:00	32
28-03-2017	20:42:00	32
28-03-2017	20:42:00	32
28-03-2017	20:42:00	32
28-03-2017	20:42:00	32
28-03-2017	20:42:00	32
28-03-2017	20:42:00	32
28-03-2017	20:42:00	32
28-03-2017	20:42:00	32
28-03-2017	20:42:00	32
28-03-2017	20:42:00	32
28-03-2017	20:42:00	32
28-03-2017	20:42:00	32
28-03-2017	20:42:00	32
28-03-2017	20:42:00	32
28-03-2017	20:42:00	32
28-03-2017	20:42:00	32
28-03-2017	20:42:00	32
28-03-2017	20:42:00	32
28-03-2017	20:42:00	32
28-03-2017	20:42:00	32
28-03-2017	20:42:00	32
28-03-2017	20:42:00	32
28-03-2017	20:42:00	32
28-03-2017	20:42:00	32
28-03-2017	20:42:00	32
28-03-2017	20:42:00	32
28-03-2017	20:42:00	32
28-03-2017	20:42:00	32
28-03-2017	20:42:00	32
28-03-2017	20:42:00	32
28-03-2017	20:42:00	32
28-03-2017	20:42:00	32
28-03-2017	20:42:00	32
28-03-2017	20:42:00	32
28-03-2017	20:42:00	32
28-03-2017	20:42:00	32
28-03-2017	20:42:00	32
28-03-2017	20:42:00	32
28-03-2017	20:42:00	32
28-03-2017	20:42:00	32
28-03-2017	20:42:00	32
28-03-2017	20:42:00	31
28-03-2017	20:42:00	32
28-03-2017	20:42:00	31
28-03-2017	20:42:00	31
28-03-2017	20:42:00	31
28-03-2017	20:42:00	31
28-03-2017	20:42:00	31
28-03-2017	20:42:00	31
28-03-2017	20:43:00	31
28-03-2017	20:43:00	31
28-03-2017	20:43:00	31
28-03-2017	20:43:00	31
28-03-2017	20:43:00	31
28-03-2017	20:43:00	31
28-03-2017	20:43:00	31
28-03-2017	20:43:00	31
28-03-2017	20:43:00	31
28-03-2017	20:43:00	31
28-03-2017	20:43:00	31
28-03-2017	20:43:00	31
28-03-2017	20:43:00	31
28-03-2017	20:43:00	31
28-03-2017	20:43:00	31
28-03-2017	20:43:00	31
28-03-2017	20:43:00	31
28-03-2017	20:43:00	31
28-03-2017	20:43:00	31
28-03-2017	20:43:00	31
28-03-2017	20:43:00	31
28-03-2017	20:43:00	31
28-03-2017	20:43:00	31
28-03-2017	20:43:00	31
28-03-2017	20:43:00	31
28-03-2017	20:43:00	31
28-03-2017	20:43:00	31
28-03-2017	20:43:00	31
28-03-2017	20:43:00	31
28-03-2017	20:43:00	31
28-03-2017	20:43:00	31
28-03-2017	20:43:00	31
28-03-2017	20:43:00	31
28-03-2017	20:43:00	31
28-03-2017	20:43:00	31
28-03-2017	20:43:00	31
28-03-2017	20:43:00	31
28-03-2017	20:43:00	31
28-03-2017	20:43:00	31
28-03-2017	20:43:00	31
28-03-2017	20:43:00	31
28-03-2017	20:43:00	31
28-03-2017	20:43:00	31
28-03-2017	20:43:00	31
28-03-2017	20:43:00	31
28-03-2017	20:43:00	31
28-03-2017	20:43:00	31
28-03-2017	20:43:00	31
28-03-2017	20:43:00	31
28-03-2017	20:43:00	31
28-03-2017	20:43:00	31
28-03-2017	20:43:00	31
28-03-2017	20:43:00	31
28-03-2017	20:43:00	31
28-03-2017	20:43:00	31
28-03-2017	20:43:00	31
28-03-2017	20:43:00	31
28-03-2017	20:43:00	31
28-03-2017	20:43:00	31
28-03-2017	20:43:00	31
28-03-2017	20:44:00	30
28-03-2017	20:44:00	31
28-03-2017	20:44:00	31
28-03-2017	20:44:00	31
28-03-2017	20:44:00	31
28-03-2017	20:44:00	31
28-03-2017	20:44:00	30
28-03-2017	20:44:00	31
28-03-2017	20:44:00	31
28-03-2017	20:44:00	31
28-03-2017	20:44:00	31
28-03-2017	20:44:00	30
28-03-2017	20:44:00	30
28-03-2017	20:44:00	30
28-03-2017	20:44:00	31
28-03-2017	20:44:00	31
28-03-2017	20:44:00	30
28-03-2017	20:44:00	30
28-03-2017	20:44:00	31
28-03-2017	20:44:00	30
28-03-2017	20:44:00	31
28-03-2017	20:44:00	30
28-03-2017	20:44:00	30
28-03-2017	20:44:00	30
28-03-2017	20:44:00	30
28-03-2017	20:44:00	30
28-03-2017	20:44:00	30
28-03-2017	20:44:00	30
28-03-2017	20:44:00	30
28-03-2017	20:44:00	30
28-03-2017	20:44:00	31
28-03-2017	20:44:00	30
28-03-2017	20:44:00	31
28-03-2017	20:44:00	30
28-03-2017	20:44:00	30
28-03-2017	20:44:00	31
28-03-2017	20:44:00	30
28-03-2017	20:44:00	30
28-03-2017	20:44:00	30
28-03-2017	20:44:00	30
28-03-2017	20:44:00	30
28-03-2017	20:44:00	30
28-03-2017	20:44:00	30
28-03-2017	20:44:00	30
28-03-2017	20:44:00	30
28-03-2017	20:44:00	30
28-03-2017	20:44:00	30
28-03-2017	20:44:00	30
28-03-2017	20:44:00	30
28-03-2017	20:44:00	30
28-03-2017	20:44:00	31
28-03-2017	20:44:00	30
28-03-2017	20:44:00	30
28-03-2017	20:44:00	31
28-03-2017	20:44:00	30
28-03-2017	20:44:00	30
28-03-2017	20:44:00	30
28-03-2017	20:44:00	30
28-03-2017	20:44:00	31
28-03-2017	20:44:00	30
28-03-2017	20:45:00	30
28-03-2017	20:45:00	31
28-03-2017	20:45:00	30
28-03-2017	20:45:00	30
28-03-2017	20:45:00	31
28-03-2017	20:45:00	30
28-03-2017	20:45:00	30
28-03-2017	20:45:00	30
28-03-2017	20:45:00	30
28-03-2017	20:45:00	30
28-03-2017	20:45:00	31
28-03-2017	20:45:00	30
28-03-2017	20:45:00	30
28-03-2017	20:45:00	30
28-03-2017	20:45:00	30
28-03-2017	20:45:00	30
28-03-2017	20:45:00	30
28-03-2017	20:45:00	31
28-03-2017	20:45:00	30
28-03-2017	20:45:00	31
28-03-2017	20:45:00	30
28-03-2017	20:45:00	30
28-03-2017	20:45:00	30
28-03-2017	20:45:00	31
28-03-2017	20:45:00	30
28-03-2017	20:45:00	30
28-03-2017	20:45:00	30
28-03-2017	20:45:00	31
28-03-2017	20:45:00	30
28-03-2017	20:45:00	30
28-03-2017	20:45:00	31
28-03-2017	20:45:00	30
28-03-2017	20:45:00	30
28-03-2017	20:45:00	31
28-03-2017	20:45:00	30
28-03-2017	20:45:00	30
28-03-2017	20:45:00	30
28-03-2017	20:45:00	30
28-03-2017	20:45:00	31
28-03-2017	20:45:00	31
28-03-2017	20:45:00	30
28-03-2017	20:45:00	30
28-03-2017	20:45:00	30
28-03-2017	20:45:00	30
28-03-2017	20:45:00	30
28-03-2017	20:45:00	30
28-03-2017	20:45:00	30
28-03-2017	20:45:00	30
28-03-2017	20:45:00	30
28-03-2017	20:45:00	30
28-03-2017	20:45:00	30
28-03-2017	20:45:00	30
28-03-2017	20:45:00	30
28-03-2017	20:45:00	30
28-03-2017	20:45:00	30
28-03-2017	20:45:00	30
28-03-2017	20:45:00	30
28-03-2017	20:45:00	30
28-03-2017	20:45:00	30
28-03-2017	20:45:00	30
28-03-2017	20:46:00	31
28-03-2017	20:46:00	30
28-03-2017	20:46:00	30
28-03-2017	20:46:00	30
28-03-2017	20:46:00	30
28-03-2017	20:46:00	30
28-03-2017	20:46:00	30
28-03-2017	20:46:00	30
28-03-2017	20:46:00	30
28-03-2017	20:46:00	30
28-03-2017	20:46:00	30
28-03-2017	20:46:00	30
28-03-2017	20:46:00	30
28-03-2017	20:46:00	30
28-03-2017	20:46:00	30
28-03-2017	20:46:00	30
28-03-2017	20:46:00	30
28-03-2017	20:46:00	31
28-03-2017	20:46:00	30
28-03-2017	20:46:00	30
28-03-2017	20:46:00	30
28-03-2017	20:46:00	30
28-03-2017	20:46:00	30
28-03-2017	20:46:00	30
28-03-2017	20:46:00	31
28-03-2017	20:46:00	30
28-03-2017	20:46:00	30
28-03-2017	20:46:00	30
28-03-2017	20:46:00	31
28-03-2017	20:46:00	30
28-03-2017	20:46:00	31
28-03-2017	20:46:00	30
28-03-2017	20:46:00	30
28-03-2017	20:46:00	30
28-03-2017	20:46:00	30
28-03-2017	20:46:00	31
28-03-2017	20:46:00	30
28-03-2017	20:46:00	30
28-03-2017	20:46:00	30
28-03-2017	20:46:00	30
28-03-2017	20:46:00	29
28-03-2017	20:46:00	30
28-03-2017	20:46:00	30
28-03-2017	20:46:00	30
28-03-2017	20:46:00	30
28-03-2017	20:46:00	30
28-03-2017	20:46:00	30
28-03-2017	20:46:00	30
28-03-2017	20:46:00	30
28-03-2017	20:46:00	31
28-03-2017	20:46:00	30
28-03-2017	20:46:00	31
28-03-2017	20:46:00	30
28-03-2017	20:46:00	30
28-03-2017	20:46:00	30
28-03-2017	20:46:00	31
28-03-2017	20:46:00	30
28-03-2017	20:46:00	30
28-03-2017	20:46:00	30
28-03-2017	20:46:00	30
28-03-2017	20:47:00	30
28-03-2017	20:47:00	31
28-03-2017	20:47:00	30
28-03-2017	20:47:00	30
28-03-2017	20:47:00	31
28-03-2017	20:47:00	30
28-03-2017	20:47:00	31
28-03-2017	20:47:00	30
28-03-2017	20:47:00	30
28-03-2017	20:47:00	30
28-03-2017	20:47:00	31
28-03-2017	20:47:00	30
28-03-2017	20:47:00	30
28-03-2017	20:47:00	30
28-03-2017	20:47:00	30
28-03-2017	20:47:00	30
28-03-2017	20:47:00	30
28-03-2017	20:47:00	30
28-03-2017	20:47:00	30
28-03-2017	20:47:00	30
28-03-2017	20:47:00	30
28-03-2017	20:47:00	30
28-03-2017	20:47:00	30
28-03-2017	20:47:00	30
28-03-2017	20:47:00	30
28-03-2017	20:47:00	30
28-03-2017	20:47:00	30
28-03-2017	20:47:00	30
28-03-2017	20:47:00	30
28-03-2017	20:47:00	31
28-03-2017	20:47:00	30
28-03-2017	20:47:00	30
28-03-2017	20:47:00	31
28-03-2017	20:47:00	31
28-03-2017	20:47:00	31
28-03-2017	20:47:00	31
28-03-2017	20:47:00	31
28-03-2017	20:47:00	31
28-03-2017	20:47:00	30
28-03-2017	20:47:00	30
28-03-2017	20:47:00	31
28-03-2017	20:47:00	31
28-03-2017	20:47:00	31
28-03-2017	20:47:00	31
28-03-2017	20:47:00	31
28-03-2017	20:47:00	31
28-03-2017	20:47:00	30
28-03-2017	20:47:00	31
28-03-2017	20:47:00	30
28-03-2017	20:47:00	30
28-03-2017	20:47:00	31
28-03-2017	20:47:00	31
28-03-2017	20:47:00	30
28-03-2017	20:47:00	31
28-03-2017	20:47:00	30
28-03-2017	20:47:00	31
28-03-2017	20:47:00	30
28-03-2017	20:47:00	31
28-03-2017	20:47:00	31
28-03-2017	20:47:00	30
28-03-2017	20:48:00	30
28-03-2017	20:48:00	30
28-03-2017	20:48:00	30
28-03-2017	20:48:00	30
28-03-2017	20:48:00	30
28-03-2017	20:48:00	30
28-03-2017	20:48:00	30
28-03-2017	20:48:00	30
28-03-2017	20:48:00	30
28-03-2017	20:48:00	30
28-03-2017	20:48:00	31
28-03-2017	20:48:00	30
28-03-2017	20:48:00	30
28-03-2017	20:48:00	30
28-03-2017	20:48:00	30
28-03-2017	20:48:00	30
28-03-2017	20:48:00	30
28-03-2017	20:48:00	30
28-03-2017	20:48:00	30
28-03-2017	20:48:00	30
28-03-2017	20:48:00	30
28-03-2017	20:48:00	30
28-03-2017	20:48:00	30
28-03-2017	20:48:00	30
28-03-2017	20:48:00	30
28-03-2017	20:48:00	30
28-03-2017	20:48:00	30
28-03-2017	20:48:00	30
28-03-2017	20:48:00	30
28-03-2017	20:48:00	30
28-03-2017	20:48:00	30
28-03-2017	20:48:00	30
28-03-2017	20:48:00	30
28-03-2017	20:48:00	30
28-03-2017	20:48:00	30
28-03-2017	20:48:00	30
28-03-2017	20:48:00	30
28-03-2017	20:48:00	30
28-03-2017	20:48:00	30
28-03-2017	20:48:00	30
28-03-2017	20:48:00	30
28-03-2017	20:48:00	30
28-03-2017	20:48:00	30
28-03-2017	20:48:00	30
28-03-2017	20:48:00	30
28-03-2017	20:48:00	30
28-03-2017	20:48:00	30
28-03-2017	20:48:00	30
28-03-2017	20:48:00	30
28-03-2017	20:48:00	31
28-03-2017	20:48:00	31
28-03-2017	20:48:00	30
28-03-2017	20:48:00	30
28-03-2017	20:48:00	31
28-03-2017	20:48:00	30
28-03-2017	20:48:00	30
28-03-2017	20:48:00	30
28-03-2017	20:48:00	30
28-03-2017	20:48:00	31
28-03-2017	20:48:00	30
28-03-2017	20:49:00	30
28-03-2017	20:49:00	30
28-03-2017	20:49:00	30
28-03-2017	20:49:00	30
28-03-2017	20:49:00	30
28-03-2017	20:49:00	30
28-03-2017	20:49:00	30
28-03-2017	20:49:00	30
28-03-2017	20:49:00	30
28-03-2017	20:49:00	30
28-03-2017	20:49:00	30
28-03-2017	20:49:00	30
28-03-2017	20:49:00	30
28-03-2017	20:49:00	30
28-03-2017	20:49:00	30
28-03-2017	20:49:00	30
28-03-2017	20:49:00	30
28-03-2017	20:49:00	30
28-03-2017	20:49:00	30
28-03-2017	20:49:00	30
28-03-2017	20:49:00	30
28-03-2017	20:49:00	30
28-03-2017	20:49:00	30
28-03-2017	20:49:00	30
28-03-2017	20:49:00	30
28-03-2017	20:49:00	31
28-03-2017	20:49:00	30
28-03-2017	20:49:00	30
28-03-2017	20:49:00	30
28-03-2017	20:49:00	30
28-03-2017	20:49:00	30
28-03-2017	20:49:00	30
28-03-2017	20:49:00	31
28-03-2017	20:49:00	30
28-03-2017	20:49:00	30
28-03-2017	20:49:00	30
28-03-2017	20:49:00	31
28-03-2017	20:49:00	30
28-03-2017	20:49:00	30
28-03-2017	20:49:00	30
28-03-2017	20:49:00	30
28-03-2017	20:49:00	30
28-03-2017	20:49:00	30
28-03-2017	20:49:00	30
28-03-2017	20:49:00	30
28-03-2017	20:49:00	30
28-03-2017	20:49:00	30
28-03-2017	20:49:00	30
28-03-2017	20:49:00	30
28-03-2017	20:49:00	30
28-03-2017	20:49:00	30
28-03-2017	20:49:00	30
28-03-2017	20:49:00	30
28-03-2017	20:49:00	30
28-03-2017	20:49:00	30
28-03-2017	20:49:00	30
28-03-2017	20:49:00	30
28-03-2017	20:49:00	31
28-03-2017	20:49:00	30
28-03-2017	20:49:00	30
28-03-2017	20:50:00	30
28-03-2017	20:50:00	30
28-03-2017	20:50:00	30
28-03-2017	20:50:00	30
28-03-2017	20:50:00	30
28-03-2017	20:50:00	30
28-03-2017	20:50:00	30
28-03-2017	20:50:00	30
28-03-2017	20:50:00	30
28-03-2017	20:50:00	30
28-03-2017	20:50:00	30
28-03-2017	20:50:00	30
28-03-2017	20:50:00	30
28-03-2017	20:50:00	30
28-03-2017	20:50:00	30
28-03-2017	20:50:00	30
28-03-2017	20:50:00	30
28-03-2017	20:50:00	30
28-03-2017	20:50:00	30
28-03-2017	20:50:00	30
28-03-2017	20:50:00	30
28-03-2017	20:50:00	30
28-03-2017	20:50:00	30
28-03-2017	20:50:00	30
28-03-2017	20:50:00	30
28-03-2017	20:50:00	30
28-03-2017	20:50:00	30
28-03-2017	20:50:00	30
28-03-2017	20:50:00	30
28-03-2017	20:50:00	31
28-03-2017	20:50:00	30
28-03-2017	20:50:00	30
28-03-2017	20:50:00	30
28-03-2017	20:50:00	30
28-03-2017	20:50:00	30
28-03-2017	20:50:00	30
28-03-2017	20:50:00	30
28-03-2017	20:50:00	30
28-03-2017	20:50:00	30
28-03-2017	20:50:00	30
28-03-2017	20:50:00	30
28-03-2017	20:50:00	30
28-03-2017	20:50:00	30
28-03-2017	20:50:00	30
28-03-2017	20:50:00	30
28-03-2017	20:50:00	30
28-03-2017	20:50:00	30
28-03-2017	20:50:00	30
28-03-2017	20:50:00	30
28-03-2017	20:50:00	30
28-03-2017	20:50:00	30
28-03-2017	20:50:00	30
28-03-2017	20:50:00	31
28-03-2017	20:50:00	30
28-03-2017	20:50:00	30
28-03-2017	20:50:00	30
28-03-2017	20:50:00	30
28-03-2017	20:50:00	30
28-03-2017	20:50:00	30
28-03-2017	20:51:00	30
28-03-2017	20:51:00	30
28-03-2017	20:51:00	30
28-03-2017	20:51:00	30
28-03-2017	20:51:00	30
28-03-2017	20:51:00	30
28-03-2017	20:51:00	30
28-03-2017	20:51:00	30
28-03-2017	20:51:00	30
28-03-2017	20:51:00	30
28-03-2017	20:51:00	30
28-03-2017	20:51:00	30
28-03-2017	20:51:00	30
28-03-2017	20:51:00	30
28-03-2017	20:51:00	30
28-03-2017	20:51:00	30
28-03-2017	20:51:00	30
28-03-2017	20:51:00	30
28-03-2017	20:51:00	30
28-03-2017	20:51:00	31
28-03-2017	20:51:00	30
28-03-2017	20:51:00	30
28-03-2017	20:51:00	30
28-03-2017	20:51:00	30
28-03-2017	20:51:00	30
28-03-2017	20:51:00	30
28-03-2017	20:51:00	30
28-03-2017	20:51:00	30
28-03-2017	20:51:00	30
28-03-2017	20:51:00	30
28-03-2017	20:51:00	30
28-03-2017	20:51:00	30
28-03-2017	20:51:00	30
28-03-2017	20:51:00	30
28-03-2017	20:51:00	30
28-03-2017	20:51:00	30
28-03-2017	20:51:00	30
28-03-2017	20:51:00	30
28-03-2017	20:51:00	30
28-03-2017	20:51:00	30
28-03-2017	20:51:00	30
28-03-2017	20:51:00	30
28-03-2017	20:51:00	30
28-03-2017	20:51:00	30
28-03-2017	20:51:00	30
28-03-2017	20:51:00	30
28-03-2017	20:51:00	30
28-03-2017	20:51:00	30
28-03-2017	20:51:00	30
28-03-2017	20:51:00	30
28-03-2017	20:51:00	30
28-03-2017	20:51:00	30
28-03-2017	20:51:00	30
28-03-2017	20:51:00	30
28-03-2017	20:51:00	30
28-03-2017	20:51:00	30
28-03-2017	20:51:00	30
28-03-2017	20:51:00	30
28-03-2017	20:51:00	30
28-03-2017	20:51:00	30
28-03-2017	20:52:00	31
28-03-2017	20:52:00	30
28-03-2017	20:52:00	30
28-03-2017	20:52:00	30
28-03-2017	20:52:00	30
28-03-2017	20:52:00	30
28-03-2017	20:52:00	30
28-03-2017	20:52:00	30
28-03-2017	20:52:00	31
28-03-2017	20:52:00	30
28-03-2017	20:52:00	30
28-03-2017	20:52:00	30
28-03-2017	20:52:00	30
28-03-2017	20:52:00	30
28-03-2017	20:52:00	30
28-03-2017	20:52:00	30
28-03-2017	20:52:00	30
28-03-2017	20:52:00	30
28-03-2017	20:52:00	30
28-03-2017	20:52:00	30
28-03-2017	20:52:00	30
28-03-2017	20:52:00	29
28-03-2017	20:52:00	30
28-03-2017	20:52:00	30
28-03-2017	20:52:00	30
28-03-2017	20:52:00	30
28-03-2017	20:52:00	30
28-03-2017	20:52:00	30
28-03-2017	20:52:00	30
28-03-2017	20:52:00	30
28-03-2017	20:52:00	30
28-03-2017	20:52:00	30
28-03-2017	20:52:00	30
28-03-2017	20:52:00	30
28-03-2017	20:52:00	30
28-03-2017	20:52:00	30
28-03-2017	20:52:00	30
28-03-2017	20:52:00	30
28-03-2017	20:52:00	30
28-03-2017	20:52:00	30
28-03-2017	20:52:00	30
28-03-2017	20:52:00	30
28-03-2017	20:52:00	30
28-03-2017	20:52:00	30
28-03-2017	20:52:00	30
28-03-2017	20:52:00	30
28-03-2017	20:52:00	30
28-03-2017	20:52:00	30
28-03-2017	20:52:00	30
28-03-2017	20:52:00	30
28-03-2017	20:52:00	30
28-03-2017	20:52:00	30
28-03-2017	20:52:00	30
28-03-2017	20:52:00	30
28-03-2017	20:52:00	30
28-03-2017	20:52:00	30
28-03-2017	20:52:00	30
28-03-2017	20:52:00	30
28-03-2017	20:52:00	30
28-03-2017	20:52:00	30
28-03-2017	20:53:00	30
28-03-2017	20:53:00	30
28-03-2017	20:53:00	30
28-03-2017	20:53:00	30
28-03-2017	20:53:00	30
28-03-2017	20:53:00	30
28-03-2017	20:53:00	30
28-03-2017	20:53:00	30
28-03-2017	20:53:00	30
28-03-2017	20:53:00	30
28-03-2017	20:53:00	30
28-03-2017	20:53:00	30
28-03-2017	20:53:00	30
28-03-2017	20:53:00	30
28-03-2017	20:53:00	30
28-03-2017	20:53:00	30
28-03-2017	20:53:00	30
28-03-2017	20:53:00	30
28-03-2017	20:53:00	30
28-03-2017	20:53:00	30
28-03-2017	20:53:00	30
28-03-2017	20:53:00	30
28-03-2017	20:53:00	30
28-03-2017	20:53:00	30
28-03-2017	20:53:00	30
28-03-2017	20:53:00	30
28-03-2017	20:53:00	30
28-03-2017	20:53:00	30
28-03-2017	20:53:00	30
28-03-2017	20:53:00	30
28-03-2017	20:53:00	30
28-03-2017	20:53:00	30
28-03-2017	20:53:00	30
28-03-2017	20:53:00	30
28-03-2017	20:53:00	30
28-03-2017	20:53:00	30
28-03-2017	20:53:00	30
28-03-2017	20:53:00	30
28-03-2017	20:53:00	30
28-03-2017	20:53:00	30
28-03-2017	20:53:00	30
28-03-2017	20:53:00	30
28-03-2017	20:53:00	30
28-03-2017	20:53:00	30
28-03-2017	20:53:00	30
28-03-2017	20:53:00	30
28-03-2017	20:53:00	30
28-03-2017	20:53:00	30
28-03-2017	20:53:00	31
28-03-2017	20:53:00	30
28-03-2017	20:53:00	30
28-03-2017	20:53:00	30
28-03-2017	20:53:00	30
28-03-2017	20:53:00	30
28-03-2017	20:53:00	30
28-03-2017	20:53:00	30
28-03-2017	20:53:00	30
28-03-2017	20:53:00	30
28-03-2017	20:53:00	30
28-03-2017	20:53:00	30
28-03-2017	20:54:00	30
28-03-2017	20:54:00	30
28-03-2017	20:54:00	30
28-03-2017	20:54:00	30
28-03-2017	20:54:00	30
28-03-2017	20:54:00	30
28-03-2017	20:54:00	31
28-03-2017	20:54:00	30
28-03-2017	20:54:00	30
28-03-2017	20:54:00	30
28-03-2017	20:54:00	30
28-03-2017	20:54:00	30
28-03-2017	20:54:00	30
28-03-2017	20:54:00	30
28-03-2017	20:54:00	30
28-03-2017	20:54:00	30
28-03-2017	20:54:00	30
28-03-2017	20:54:00	30
28-03-2017	20:54:00	30
28-03-2017	20:54:00	30
28-03-2017	20:54:00	30
28-03-2017	20:54:00	30
28-03-2017	20:54:00	30
28-03-2017	20:54:00	30
28-03-2017	20:54:00	30
28-03-2017	20:54:00	30
28-03-2017	20:54:00	30
28-03-2017	20:54:00	30
28-03-2017	20:54:00	30
28-03-2017	20:54:00	30
28-03-2017	20:54:00	30
28-03-2017	20:54:00	30
28-03-2017	20:54:00	30
28-03-2017	20:54:00	30
28-03-2017	20:54:00	30
28-03-2017	20:54:00	30
28-03-2017	20:54:00	30
28-03-2017	20:54:00	31
28-03-2017	20:54:00	31
28-03-2017	20:54:00	30
28-03-2017	20:54:00	30
28-03-2017	20:54:00	30
28-03-2017	20:54:00	30
28-03-2017	20:54:00	30
28-03-2017	20:54:00	30
28-03-2017	20:54:00	31
28-03-2017	20:54:00	30
28-03-2017	20:54:00	30
28-03-2017	20:54:00	31
28-03-2017	20:54:00	30
28-03-2017	20:54:00	30
28-03-2017	20:54:00	31
28-03-2017	20:54:00	30
28-03-2017	20:54:00	30
28-03-2017	20:54:00	30
28-03-2017	20:54:00	30
28-03-2017	20:54:00	30
28-03-2017	20:54:00	30
28-03-2017	20:54:00	30
28-03-2017	20:54:00	30
28-03-2017	20:55:00	30
28-03-2017	20:55:00	30
28-03-2017	20:55:00	30
28-03-2017	20:55:00	31
28-03-2017	20:55:00	30
28-03-2017	20:55:00	30
28-03-2017	20:55:00	30
28-03-2017	20:55:00	30
28-03-2017	20:55:00	30
28-03-2017	20:55:00	30
28-03-2017	20:55:00	30
28-03-2017	20:55:00	31
28-03-2017	20:55:00	30
28-03-2017	20:55:00	30
28-03-2017	20:55:00	30
28-03-2017	20:55:00	30
28-03-2017	20:55:00	30
28-03-2017	20:55:00	30
28-03-2017	20:55:00	30
28-03-2017	20:55:00	30
28-03-2017	20:55:00	30
28-03-2017	20:55:00	30
28-03-2017	20:55:00	30
28-03-2017	20:55:00	29
28-03-2017	20:55:00	30
28-03-2017	20:55:00	30
28-03-2017	20:55:00	30
28-03-2017	20:55:00	30
28-03-2017	20:55:00	30
28-03-2017	20:55:00	30
28-03-2017	20:55:00	30
28-03-2017	20:55:00	30
28-03-2017	20:55:00	30
28-03-2017	20:55:00	30
28-03-2017	20:55:00	30
28-03-2017	20:55:00	30
28-03-2017	20:55:00	30
28-03-2017	20:55:00	30
28-03-2017	20:55:00	30
28-03-2017	20:55:00	30
28-03-2017	20:55:00	30
28-03-2017	20:55:00	30
28-03-2017	20:55:00	30
28-03-2017	20:55:00	30
28-03-2017	20:55:00	30
28-03-2017	20:55:00	30
28-03-2017	20:55:00	30
28-03-2017	20:55:00	30
28-03-2017	20:55:00	30
28-03-2017	20:55:00	30
28-03-2017	20:55:00	30
28-03-2017	20:55:00	30
28-03-2017	20:55:00	30
28-03-2017	20:55:00	30
28-03-2017	20:55:00	30
28-03-2017	20:55:00	30
28-03-2017	20:55:00	30
28-03-2017	20:55:00	30
28-03-2017	20:55:00	30
28-03-2017	20:55:00	30
28-03-2017	20:56:00	30
28-03-2017	20:56:00	30
28-03-2017	20:56:00	30
28-03-2017	20:56:00	30
28-03-2017	20:56:00	30
28-03-2017	20:56:00	30
28-03-2017	20:56:00	30
28-03-2017	20:56:00	30
28-03-2017	20:56:00	30
28-03-2017	20:56:00	30
28-03-2017	20:56:00	30
28-03-2017	20:56:00	30
28-03-2017	20:56:00	30
28-03-2017	20:56:00	30
28-03-2017	20:56:00	30
28-03-2017	20:56:00	30
28-03-2017	20:56:00	30
28-03-2017	20:56:00	30
28-03-2017	20:56:00	30
28-03-2017	20:56:00	30
28-03-2017	20:56:00	30
28-03-2017	20:56:00	30
28-03-2017	20:56:00	30
28-03-2017	20:56:00	30
28-03-2017	20:56:00	30
28-03-2017	20:56:00	30
28-03-2017	20:56:00	30
28-03-2017	20:56:00	30
28-03-2017	20:56:00	30
28-03-2017	20:56:00	30
28-03-2017	20:56:00	30
28-03-2017	20:56:00	30
28-03-2017	20:56:00	30
28-03-2017	20:56:00	30
28-03-2017	20:56:00	30
28-03-2017	20:56:00	30
28-03-2017	20:56:00	30
28-03-2017	20:56:00	29
28-03-2017	20:56:00	30
28-03-2017	20:56:00	30
28-03-2017	20:56:00	30
28-03-2017	20:56:00	30
28-03-2017	20:56:00	30
28-03-2017	20:56:00	30
28-03-2017	20:56:00	30
28-03-2017	20:56:00	30
28-03-2017	20:56:00	30
28-03-2017	20:56:00	30
28-03-2017	20:56:00	31
28-03-2017	20:56:00	30
28-03-2017	20:56:00	30
28-03-2017	20:56:00	30
28-03-2017	20:56:00	30
28-03-2017	20:56:00	30
28-03-2017	20:56:00	30
28-03-2017	20:56:00	30
28-03-2017	20:56:00	30
28-03-2017	20:56:00	30
28-03-2017	20:56:00	30
28-03-2017	20:56:00	30
28-03-2017	20:57:00	30
28-03-2017	20:57:00	30
28-03-2017	20:57:00	30
28-03-2017	20:57:00	30
28-03-2017	20:57:00	30
28-03-2017	20:57:00	30
28-03-2017	20:57:00	30
28-03-2017	20:57:00	30
28-03-2017	20:57:00	30
28-03-2017	20:57:00	30
28-03-2017	20:57:00	30
28-03-2017	20:57:00	30
28-03-2017	20:57:00	30
28-03-2017	20:57:00	30
28-03-2017	20:57:00	30
28-03-2017	20:57:00	30
28-03-2017	20:57:00	30
28-03-2017	20:57:00	30
28-03-2017	20:57:00	30
28-03-2017	20:57:00	30
28-03-2017	20:57:00	30
28-03-2017	20:57:00	30
28-03-2017	20:57:00	30
28-03-2017	20:57:00	30
28-03-2017	20:57:00	30
28-03-2017	20:57:00	30
28-03-2017	20:57:00	30
28-03-2017	20:57:00	30
28-03-2017	20:57:00	30
28-03-2017	20:57:00	30
28-03-2017	20:57:00	30
28-03-2017	20:57:00	31
28-03-2017	20:57:00	30
28-03-2017	20:57:00	30
28-03-2017	20:57:00	30
28-03-2017	20:57:00	30
28-03-2017	20:57:00	30
28-03-2017	20:57:00	30
28-03-2017	20:57:00	30
28-03-2017	20:57:00	30
28-03-2017	20:57:00	31
28-03-2017	20:57:00	30
28-03-2017	20:57:00	30
28-03-2017	20:57:00	30
28-03-2017	20:57:00	30
28-03-2017	20:57:00	30
28-03-2017	20:57:00	30
28-03-2017	20:57:00	30
28-03-2017	20:57:00	30
28-03-2017	20:57:00	30
28-03-2017	20:57:00	30
28-03-2017	20:57:00	30
28-03-2017	20:57:00	30
28-03-2017	20:57:00	30
28-03-2017	20:57:00	30
28-03-2017	20:57:00	30
28-03-2017	20:57:00	30
28-03-2017	20:57:00	30
28-03-2017	20:57:00	30
28-03-2017	20:57:00	30
28-03-2017	20:58:00	30
28-03-2017	20:58:00	31
28-03-2017	20:58:00	30
28-03-2017	20:58:00	30
28-03-2017	20:58:00	30
28-03-2017	20:58:00	30
28-03-2017	20:58:00	31
28-03-2017	20:58:00	30
28-03-2017	20:58:00	31
28-03-2017	20:58:00	30
28-03-2017	20:58:00	30
28-03-2017	20:58:00	30
28-03-2017	20:58:00	30
28-03-2017	20:58:00	30
28-03-2017	20:58:00	30
28-03-2017	20:58:00	30
28-03-2017	20:58:00	31
28-03-2017	20:58:00	30
28-03-2017	20:58:00	30
28-03-2017	20:58:00	30
28-03-2017	20:58:00	31
28-03-2017	20:58:00	30
28-03-2017	20:58:00	30
28-03-2017	20:58:00	31
28-03-2017	20:58:00	30
28-03-2017	20:58:00	30
28-03-2017	20:58:00	30
28-03-2017	20:58:00	30
28-03-2017	20:58:00	30
28-03-2017	20:58:00	30
28-03-2017	20:58:00	30
28-03-2017	20:58:00	30
28-03-2017	20:58:00	30
28-03-2017	20:58:00	30
28-03-2017	20:58:00	30
28-03-2017	20:58:00	31
28-03-2017	20:58:00	31
28-03-2017	20:58:00	30
28-03-2017	20:58:00	30
28-03-2017	20:58:00	30
28-03-2017	20:58:00	30
28-03-2017	20:58:00	31
28-03-2017	20:58:00	30
28-03-2017	20:58:00	30
28-03-2017	20:58:00	30
28-03-2017	20:58:00	30
28-03-2017	20:58:00	30
28-03-2017	20:58:00	31
28-03-2017	20:58:00	31
28-03-2017	20:58:00	30
28-03-2017	20:58:00	30
28-03-2017	20:58:00	30
28-03-2017	20:58:00	30
28-03-2017	20:58:00	30
28-03-2017	20:58:00	30
28-03-2017	20:58:00	31
28-03-2017	20:58:00	30
28-03-2017	20:58:00	31
28-03-2017	20:58:00	30
28-03-2017	20:58:00	30
28-03-2017	20:59:00	30
28-03-2017	20:59:00	30
28-03-2017	20:59:00	30
28-03-2017	20:59:00	30
28-03-2017	20:59:00	30
28-03-2017	20:59:00	30
28-03-2017	20:59:00	30
28-03-2017	20:59:00	30
28-03-2017	20:59:00	30
28-03-2017	20:59:00	30
28-03-2017	20:59:00	30
28-03-2017	20:59:00	30
28-03-2017	20:59:00	30
28-03-2017	20:59:00	30
28-03-2017	20:59:00	30
28-03-2017	20:59:00	30
28-03-2017	20:59:00	30
28-03-2017	20:59:00	30
28-03-2017	20:59:00	30
28-03-2017	20:59:00	30
28-03-2017	20:59:00	30
28-03-2017	20:59:00	30
28-03-2017	20:59:00	30
28-03-2017	20:59:00	30
28-03-2017	20:59:00	31
28-03-2017	20:59:00	30
28-03-2017	20:59:00	30
28-03-2017	20:59:00	30
28-03-2017	20:59:00	30
28-03-2017	20:59:00	30
28-03-2017	20:59:00	30
28-03-2017	20:59:00	30
28-03-2017	20:59:00	30
28-03-2017	20:59:00	30
28-03-2017	20:59:00	30
28-03-2017	20:59:00	30
28-03-2017	20:59:00	30
28-03-2017	20:59:00	30
28-03-2017	20:59:00	30
28-03-2017	20:59:00	30
28-03-2017	20:59:00	30
28-03-2017	20:59:00	30
28-03-2017	20:59:00	30
28-03-2017	20:59:00	30
28-03-2017	20:59:00	30
28-03-2017	20:59:00	30
28-03-2017	20:59:00	32
28-03-2017	20:59:00	30
28-03-2017	20:59:00	30
28-03-2017	20:59:00	30
28-03-2017	20:59:00	30
28-03-2017	20:59:00	30
28-03-2017	20:59:00	30
28-03-2017	20:59:00	30
28-03-2017	20:59:00	30
28-03-2017	20:59:00	30
28-03-2017	20:59:00	30
28-03-2017	20:59:00	30
28-03-2017	20:59:00	30
28-03-2017	20:59:00	30
28-03-2017	21:00:00	30
28-03-2017	21:00:00	30
28-03-2017	21:00:00	30
28-03-2017	21:00:00	30
28-03-2017	21:00:00	30
28-03-2017	21:00:00	30
28-03-2017	21:00:00	30
28-03-2017	21:00:00	30
28-03-2017	21:00:00	31
28-03-2017	21:00:00	30
28-03-2017	21:00:00	30
28-03-2017	21:00:00	30
28-03-2017	21:00:00	30
28-03-2017	21:00:00	30
28-03-2017	21:00:00	30
28-03-2017	21:00:00	30
28-03-2017	21:00:00	30
28-03-2017	21:00:00	30
28-03-2017	21:00:00	30
28-03-2017	21:00:00	30
28-03-2017	21:00:00	30
28-03-2017	21:00:00	30
28-03-2017	21:00:00	30
28-03-2017	21:00:00	30
28-03-2017	21:00:00	30
28-03-2017	21:00:00	30
28-03-2017	21:00:00	30
28-03-2017	21:00:00	30
28-03-2017	21:00:00	30
28-03-2017	21:00:00	30
28-03-2017	21:00:00	30
28-03-2017	21:00:00	30
28-03-2017	21:00:00	30
28-03-2017	21:00:00	30
28-03-2017	21:00:00	30
28-03-2017	21:00:00	30
28-03-2017	21:00:00	30
28-03-2017	21:00:00	30
28-03-2017	21:00:00	30
28-03-2017	21:00:00	30
28-03-2017	21:00:00	30
28-03-2017	21:00:00	30
28-03-2017	21:00:00	30
28-03-2017	21:00:00	30
28-03-2017	21:00:00	30
28-03-2017	21:00:00	30
28-03-2017	21:00:00	30
28-03-2017	21:00:00	30
28-03-2017	21:00:00	30
28-03-2017	21:00:00	30
28-03-2017	21:00:00	30
28-03-2017	21:00:00	30
28-03-2017	21:00:00	30
28-03-2017	21:00:00	30
28-03-2017	21:00:00	30
28-03-2017	21:00:00	30
28-03-2017	21:00:00	30
28-03-2017	21:00:00	30
28-03-2017	21:00:00	30
28-03-2017	21:00:00	30
28-03-2017	21:01:00	30
28-03-2017	21:01:00	30
28-03-2017	21:01:00	30
28-03-2017	21:01:00	30
28-03-2017	21:01:00	30
28-03-2017	21:01:00	30
28-03-2017	21:01:00	30
28-03-2017	21:01:00	30
28-03-2017	21:01:00	30
28-03-2017	21:01:00	30
28-03-2017	21:01:00	30
28-03-2017	21:01:00	30
28-03-2017	21:01:00	30
28-03-2017	21:01:00	30
28-03-2017	21:01:00	30
28-03-2017	21:01:00	30
28-03-2017	21:01:00	30
28-03-2017	21:01:00	30
28-03-2017	21:01:00	30
28-03-2017	21:01:00	30
28-03-2017	21:01:00	30
28-03-2017	21:01:00	30
28-03-2017	21:01:00	30
28-03-2017	21:01:00	30
28-03-2017	21:01:00	30
28-03-2017	21:01:00	30
28-03-2017	21:01:00	30
28-03-2017	21:01:00	30
28-03-2017	21:01:00	30
28-03-2017	21:01:00	30
28-03-2017	21:01:00	30
28-03-2017	21:01:00	30
28-03-2017	21:01:00	30
28-03-2017	21:01:00	30
28-03-2017	21:01:00	30
28-03-2017	21:01:00	30
28-03-2017	21:01:00	30
28-03-2017	21:01:00	29
28-03-2017	21:01:00	30
28-03-2017	21:01:00	30
28-03-2017	21:01:00	30
28-03-2017	21:01:00	30
28-03-2017	21:01:00	30
28-03-2017	21:01:00	30
28-03-2017	21:01:00	30
28-03-2017	21:01:00	30
28-03-2017	21:01:00	30
28-03-2017	21:01:00	30
28-03-2017	21:01:00	30
28-03-2017	21:01:00	30
28-03-2017	21:01:00	30
28-03-2017	21:01:00	30
28-03-2017	21:01:00	30
28-03-2017	21:01:00	30
28-03-2017	21:01:00	30
28-03-2017	21:01:00	30
28-03-2017	21:01:00	30
28-03-2017	21:01:00	30
28-03-2017	21:01:00	30
28-03-2017	21:01:00	30
28-03-2017	21:02:00	30
28-03-2017	21:02:00	30
28-03-2017	21:02:00	30
28-03-2017	21:02:00	30
28-03-2017	21:02:00	30
28-03-2017	21:02:00	30
28-03-2017	21:02:00	30
28-03-2017	21:02:00	29
28-03-2017	21:02:00	30
28-03-2017	21:02:00	30
28-03-2017	21:02:00	30
28-03-2017	21:02:00	30
28-03-2017	21:02:00	30
28-03-2017	21:02:00	30
28-03-2017	21:02:00	30
28-03-2017	21:02:00	30
28-03-2017	21:02:00	30
28-03-2017	21:02:00	30
28-03-2017	21:02:00	30
28-03-2017	21:02:00	30
28-03-2017	21:02:00	30
28-03-2017	21:02:00	30
28-03-2017	21:02:00	30
28-03-2017	21:02:00	30
28-03-2017	21:02:00	30
28-03-2017	21:02:00	30
28-03-2017	21:02:00	30
28-03-2017	21:02:00	30
28-03-2017	21:02:00	30
28-03-2017	21:02:00	31
28-03-2017	21:02:00	30
28-03-2017	21:02:00	30
28-03-2017	21:02:00	30
28-03-2017	21:02:00	30
28-03-2017	21:02:00	30
28-03-2017	21:02:00	30
28-03-2017	21:02:00	30
28-03-2017	21:02:00	30
28-03-2017	21:02:00	30
28-03-2017	21:02:00	30
28-03-2017	21:02:00	30
28-03-2017	21:02:00	30
28-03-2017	21:02:00	29
28-03-2017	21:02:00	30
28-03-2017	21:02:00	30
28-03-2017	21:02:00	30
28-03-2017	21:02:00	30
28-03-2017	21:02:00	30
28-03-2017	21:02:00	30
28-03-2017	21:02:00	30
28-03-2017	21:02:00	30
28-03-2017	21:02:00	30
28-03-2017	21:02:00	30
28-03-2017	21:02:00	30
28-03-2017	21:02:00	30
28-03-2017	21:02:00	30
28-03-2017	21:02:00	30
28-03-2017	21:02:00	30
28-03-2017	21:02:00	30
28-03-2017	21:03:00	30
28-03-2017	21:03:00	30
28-03-2017	21:03:00	30
28-03-2017	21:03:00	30
28-03-2017	21:03:00	30
28-03-2017	21:03:00	30
28-03-2017	21:03:00	30
28-03-2017	21:03:00	30
28-03-2017	21:03:00	30
28-03-2017	21:03:00	30
28-03-2017	21:03:00	30
28-03-2017	21:03:00	30
28-03-2017	21:03:00	30
28-03-2017	21:03:00	30
28-03-2017	21:03:00	30
28-03-2017	21:03:00	30
28-03-2017	21:03:00	30
28-03-2017	21:03:00	30
28-03-2017	21:03:00	30
28-03-2017	21:03:00	30
28-03-2017	21:03:00	30
28-03-2017	21:03:00	30
28-03-2017	21:03:00	30
28-03-2017	21:03:00	30
28-03-2017	21:03:00	30
28-03-2017	21:03:00	30
28-03-2017	21:03:00	30
28-03-2017	21:03:00	30
28-03-2017	21:03:00	30
28-03-2017	21:03:00	30
28-03-2017	21:03:00	30
28-03-2017	21:03:00	30
28-03-2017	21:03:00	30
28-03-2017	21:03:00	30
28-03-2017	21:03:00	30
28-03-2017	21:03:00	30
28-03-2017	21:03:00	30
28-03-2017	21:03:00	30
28-03-2017	21:03:00	30
28-03-2017	21:03:00	30
28-03-2017	21:03:00	30
28-03-2017	21:03:00	30
28-03-2017	21:03:00	30
28-03-2017	21:03:00	30
28-03-2017	21:03:00	30
28-03-2017	21:03:00	30
28-03-2017	21:03:00	30
28-03-2017	21:03:00	30
28-03-2017	21:03:00	30
28-03-2017	21:03:00	30
28-03-2017	21:03:00	30
28-03-2017	21:03:00	31
28-03-2017	21:03:00	30
28-03-2017	21:03:00	30
28-03-2017	21:03:00	30
28-03-2017	21:03:00	30
28-03-2017	21:03:00	30
28-03-2017	21:03:00	30
28-03-2017	21:03:00	30
28-03-2017	21:03:00	30
28-03-2017	21:04:00	30
28-03-2017	21:04:00	30
28-03-2017	21:04:00	30
28-03-2017	21:04:00	30
28-03-2017	21:04:00	30
28-03-2017	21:04:00	30
28-03-2017	21:04:00	30
28-03-2017	21:04:00	30
28-03-2017	21:04:00	30
28-03-2017	21:04:00	30
28-03-2017	21:04:00	30
28-03-2017	21:04:00	30
28-03-2017	21:04:00	30
28-03-2017	21:04:00	30
28-03-2017	21:04:00	30
28-03-2017	21:04:00	31
28-03-2017	21:04:00	30
28-03-2017	21:04:00	30
28-03-2017	21:04:00	30
28-03-2017	21:04:00	30
28-03-2017	21:04:00	30
28-03-2017	21:04:00	30
28-03-2017	21:04:00	30
28-03-2017	21:04:00	30
28-03-2017	21:04:00	30
28-03-2017	21:04:00	30
28-03-2017	21:04:00	30
28-03-2017	21:04:00	30
28-03-2017	21:04:00	30
28-03-2017	21:04:00	30
28-03-2017	21:04:00	30
28-03-2017	21:04:00	30
28-03-2017	21:04:00	30
28-03-2017	21:04:00	30
28-03-2017	21:04:00	30
28-03-2017	21:04:00	30
28-03-2017	21:04:00	30
28-03-2017	21:04:00	30
28-03-2017	21:04:00	30
28-03-2017	21:04:00	30
28-03-2017	21:04:00	30
28-03-2017	21:04:00	30
28-03-2017	21:04:00	30
28-03-2017	21:04:00	30
28-03-2017	21:04:00	30
28-03-2017	21:04:00	30
28-03-2017	21:04:00	30
28-03-2017	21:04:00	30
28-03-2017	21:04:00	30
28-03-2017	21:04:00	30
28-03-2017	21:04:00	30
28-03-2017	21:04:00	30
28-03-2017	21:04:00	30
28-03-2017	21:04:00	30
28-03-2017	21:04:00	30
28-03-2017	21:04:00	30
28-03-2017	21:04:00	30
28-03-2017	21:04:00	30
28-03-2017	21:04:00	30
28-03-2017	21:04:00	30
28-03-2017	21:05:00	30
28-03-2017	21:05:00	30
28-03-2017	21:05:00	30
28-03-2017	21:05:00	30
28-03-2017	21:05:00	30
28-03-2017	21:05:00	30
28-03-2017	21:05:00	30
28-03-2017	21:05:00	30
28-03-2017	21:05:00	30
28-03-2017	21:05:00	30
28-03-2017	21:05:00	30
28-03-2017	21:05:00	30
28-03-2017	21:05:00	30
28-03-2017	21:05:00	30
28-03-2017	21:05:00	30
28-03-2017	21:05:00	30
28-03-2017	21:05:00	30
28-03-2017	21:05:00	29
28-03-2017	21:05:00	30
28-03-2017	21:05:00	30
28-03-2017	21:05:00	30
28-03-2017	21:05:00	30
28-03-2017	21:05:00	30
28-03-2017	21:05:00	30
28-03-2017	21:05:00	30
28-03-2017	21:05:00	30
28-03-2017	21:05:00	30
28-03-2017	21:05:00	30
28-03-2017	21:05:00	30
28-03-2017	21:05:00	30
28-03-2017	21:05:00	30
28-03-2017	21:05:00	30
28-03-2017	21:05:00	30
28-03-2017	21:05:00	30
28-03-2017	21:05:00	30
28-03-2017	21:05:00	30
28-03-2017	21:05:00	30
28-03-2017	21:05:00	30
28-03-2017	21:05:00	30
28-03-2017	21:05:00	30
28-03-2017	21:05:00	30
28-03-2017	21:05:00	30
28-03-2017	21:05:00	30
28-03-2017	21:05:00	30
28-03-2017	21:05:00	30
28-03-2017	21:05:00	30
28-03-2017	21:05:00	30
28-03-2017	21:05:00	30
28-03-2017	21:05:00	30
28-03-2017	21:05:00	30
28-03-2017	21:05:00	30
28-03-2017	21:05:00	30
28-03-2017	21:05:00	30
28-03-2017	21:05:00	30
28-03-2017	21:05:00	30
28-03-2017	21:05:00	30
28-03-2017	21:05:00	30
28-03-2017	21:05:00	30
28-03-2017	21:05:00	31
28-03-2017	21:05:00	30
28-03-2017	21:06:00	30
28-03-2017	21:06:00	30
28-03-2017	21:06:00	30
28-03-2017	21:06:00	30
28-03-2017	21:06:00	30
28-03-2017	21:06:00	30
28-03-2017	21:06:00	30
28-03-2017	21:06:00	30
28-03-2017	21:06:00	30
28-03-2017	21:06:00	30
28-03-2017	21:06:00	30
28-03-2017	21:06:00	30
28-03-2017	21:06:00	30
28-03-2017	21:06:00	30
28-03-2017	21:06:00	30
28-03-2017	21:06:00	30
28-03-2017	21:06:00	30
28-03-2017	21:06:00	30
28-03-2017	21:06:00	30
28-03-2017	21:06:00	30
28-03-2017	21:06:00	30
28-03-2017	21:06:00	30
28-03-2017	21:06:00	30
28-03-2017	21:06:00	30
28-03-2017	21:06:00	30
28-03-2017	21:06:00	30
28-03-2017	21:06:00	30
28-03-2017	21:06:00	30
28-03-2017	21:06:00	30
28-03-2017	21:06:00	30
28-03-2017	21:06:00	30
28-03-2017	21:06:00	30
28-03-2017	21:06:00	30
28-03-2017	21:06:00	30
28-03-2017	21:06:00	30
28-03-2017	21:06:00	30
28-03-2017	21:06:00	30
28-03-2017	21:06:00	30
28-03-2017	21:06:00	30
28-03-2017	21:06:00	30
28-03-2017	21:06:00	30
28-03-2017	21:06:00	30
28-03-2017	21:06:00	30
28-03-2017	21:06:00	30
28-03-2017	21:06:00	30
28-03-2017	21:06:00	30
28-03-2017	21:06:00	30
28-03-2017	21:06:00	30
28-03-2017	21:06:00	30
28-03-2017	21:06:00	30
28-03-2017	21:06:00	30
28-03-2017	21:06:00	30
28-03-2017	21:06:00	30
28-03-2017	21:06:00	30
28-03-2017	21:06:00	30
28-03-2017	21:06:00	30
28-03-2017	21:06:00	30
28-03-2017	21:06:00	30
28-03-2017	21:06:00	30
28-03-2017	21:06:00	30
28-03-2017	21:07:00	30
28-03-2017	21:07:00	30
28-03-2017	21:07:00	30
28-03-2017	21:07:00	30
28-03-2017	21:07:00	30
28-03-2017	21:07:00	30
28-03-2017	21:07:00	31
28-03-2017	21:07:00	30
28-03-2017	21:07:00	30
28-03-2017	21:07:00	30
28-03-2017	21:07:00	30
28-03-2017	21:07:00	30
28-03-2017	21:07:00	30
28-03-2017	21:07:00	30
28-03-2017	21:07:00	30
28-03-2017	21:07:00	30
28-03-2017	21:07:00	31
28-03-2017	21:07:00	30
28-03-2017	21:07:00	30
28-03-2017	21:07:00	31
28-03-2017	21:07:00	30
28-03-2017	21:07:00	30
28-03-2017	21:07:00	30
28-03-2017	21:07:00	30
28-03-2017	21:07:00	30
28-03-2017	21:07:00	30
28-03-2017	21:07:00	30
28-03-2017	21:07:00	30
28-03-2017	21:07:00	30
28-03-2017	21:07:00	30
28-03-2017	21:07:00	30
28-03-2017	21:07:00	30
28-03-2017	21:07:00	30
28-03-2017	21:07:00	30
28-03-2017	21:07:00	30
28-03-2017	21:07:00	30
28-03-2017	21:07:00	30
28-03-2017	21:07:00	30
28-03-2017	21:07:00	30
28-03-2017	21:07:00	30
28-03-2017	21:07:00	30
28-03-2017	21:07:00	30
28-03-2017	21:07:00	30
28-03-2017	21:07:00	30
28-03-2017	21:07:00	30
28-03-2017	21:07:00	30
28-03-2017	21:07:00	30
28-03-2017	21:07:00	30
28-03-2017	21:07:00	30
28-03-2017	21:07:00	30
28-03-2017	21:07:00	30
28-03-2017	21:07:00	30
28-03-2017	21:07:00	30
28-03-2017	21:07:00	30
28-03-2017	21:07:00	31
28-03-2017	21:07:00	30
28-03-2017	21:07:00	30
28-03-2017	21:07:00	30
28-03-2017	21:07:00	30
28-03-2017	21:07:00	30
28-03-2017	21:08:00	31
28-03-2017	21:08:00	30
28-03-2017	21:08:00	30
28-03-2017	21:08:00	30
28-03-2017	21:08:00	30
28-03-2017	21:08:00	31
28-03-2017	21:08:00	30
28-03-2017	21:08:00	30
28-03-2017	21:08:00	30
28-03-2017	21:08:00	30
28-03-2017	21:08:00	30
28-03-2017	21:08:00	30
28-03-2017	21:08:00	31
28-03-2017	21:08:00	30
28-03-2017	21:08:00	31
28-03-2017	21:08:00	30
28-03-2017	21:08:00	30
28-03-2017	21:08:00	30
28-03-2017	21:08:00	30
28-03-2017	21:08:00	30
28-03-2017	21:08:00	30
28-03-2017	21:08:00	30
28-03-2017	21:08:00	30
28-03-2017	21:08:00	30
28-03-2017	21:08:00	30
28-03-2017	21:08:00	30
28-03-2017	21:08:00	30
28-03-2017	21:08:00	30
28-03-2017	21:08:00	31
28-03-2017	21:08:00	30
28-03-2017	21:08:00	30
28-03-2017	21:08:00	30
28-03-2017	21:08:00	30
28-03-2017	21:08:00	30
28-03-2017	21:08:00	30
28-03-2017	21:08:00	30
28-03-2017	21:08:00	31
28-03-2017	21:08:00	30
28-03-2017	21:08:00	30
28-03-2017	21:08:00	30
28-03-2017	21:08:00	31
28-03-2017	21:08:00	30
28-03-2017	21:08:00	30
28-03-2017	21:08:00	30
28-03-2017	21:08:00	30
28-03-2017	21:08:00	30
28-03-2017	21:08:00	30
28-03-2017	21:08:00	30
28-03-2017	21:08:00	29
28-03-2017	21:08:00	30
28-03-2017	21:08:00	30
28-03-2017	21:08:00	30
28-03-2017	21:08:00	30
28-03-2017	21:08:00	30
28-03-2017	21:08:00	30
28-03-2017	21:08:00	30
28-03-2017	21:08:00	30
28-03-2017	21:08:00	30
28-03-2017	21:08:00	30
28-03-2017	21:08:00	30
28-03-2017	21:09:00	30
28-03-2017	21:09:00	30
28-03-2017	21:09:00	30
28-03-2017	21:09:00	30
28-03-2017	21:09:00	30
28-03-2017	21:09:00	30
28-03-2017	21:09:00	31
28-03-2017	21:09:00	30
28-03-2017	21:09:00	30
28-03-2017	21:09:00	30
28-03-2017	21:09:00	30
28-03-2017	21:09:00	31
28-03-2017	21:09:00	30
28-03-2017	21:09:00	30
28-03-2017	21:09:00	30
28-03-2017	21:09:00	30
28-03-2017	21:09:00	30
28-03-2017	21:09:00	30
28-03-2017	21:09:00	30
28-03-2017	21:09:00	30
28-03-2017	21:09:00	30
28-03-2017	21:09:00	30
28-03-2017	21:09:00	31
28-03-2017	21:09:00	30
28-03-2017	21:09:00	30
28-03-2017	21:09:00	30
28-03-2017	21:09:00	30
28-03-2017	21:09:00	30
28-03-2017	21:09:00	30
28-03-2017	21:09:00	30
28-03-2017	21:09:00	30
28-03-2017	21:09:00	30
28-03-2017	21:09:00	30
28-03-2017	21:09:00	30
28-03-2017	21:09:00	30
28-03-2017	21:09:00	31
28-03-2017	21:09:00	30
28-03-2017	21:09:00	30
28-03-2017	21:09:00	30
28-03-2017	21:09:00	30
28-03-2017	21:09:00	30
28-03-2017	21:09:00	30
28-03-2017	21:09:00	31
28-03-2017	21:09:00	30
28-03-2017	21:09:00	30
28-03-2017	21:09:00	30
28-03-2017	21:09:00	30
28-03-2017	21:09:00	30
28-03-2017	21:09:00	30
28-03-2017	21:09:00	30
28-03-2017	21:09:00	30
28-03-2017	21:09:00	30
28-03-2017	21:09:00	30
28-03-2017	21:09:00	30
28-03-2017	21:09:00	30
28-03-2017	21:09:00	30
28-03-2017	21:09:00	30
28-03-2017	21:09:00	30
28-03-2017	21:09:00	30
28-03-2017	21:09:00	30
28-03-2017	21:10:00	30
28-03-2017	21:10:00	30
28-03-2017	21:10:00	30
28-03-2017	21:10:00	30
28-03-2017	21:10:00	30
28-03-2017	21:10:00	30
28-03-2017	21:10:00	30
28-03-2017	21:10:00	30
28-03-2017	21:10:00	30
28-03-2017	21:10:00	30
28-03-2017	21:10:00	30
28-03-2017	21:10:00	30
28-03-2017	21:10:00	30
28-03-2017	21:10:00	30
28-03-2017	21:10:00	30
28-03-2017	21:10:00	30
28-03-2017	21:10:00	31
28-03-2017	21:10:00	30
28-03-2017	21:10:00	30
28-03-2017	21:10:00	30
28-03-2017	21:10:00	30
28-03-2017	21:10:00	30
28-03-2017	21:10:00	30
28-03-2017	21:10:00	31
28-03-2017	21:10:00	30
28-03-2017	21:10:00	30
28-03-2017	21:10:00	31
28-03-2017	21:10:00	30
28-03-2017	21:10:00	30
28-03-2017	21:10:00	30
28-03-2017	21:10:00	30
28-03-2017	21:10:00	30
28-03-2017	21:10:00	30
28-03-2017	21:10:00	30
28-03-2017	21:10:00	30
28-03-2017	21:10:00	30
28-03-2017	21:10:00	30
28-03-2017	21:10:00	30
28-03-2017	21:10:00	30
28-03-2017	21:10:00	31
28-03-2017	21:10:00	30
28-03-2017	21:10:00	30
28-03-2017	21:10:00	30
28-03-2017	21:10:00	30
28-03-2017	21:10:00	30
28-03-2017	21:10:00	30
28-03-2017	21:10:00	30
28-03-2017	21:10:00	30
28-03-2017	21:10:00	29
28-03-2017	21:10:00	30
28-03-2017	21:10:00	30
28-03-2017	21:10:00	30
28-03-2017	21:10:00	30
28-03-2017	21:10:00	30
28-03-2017	21:10:00	30
28-03-2017	21:10:00	30
28-03-2017	21:10:00	30
28-03-2017	21:10:00	30
28-03-2017	21:10:00	30
28-03-2017	21:10:00	30
28-03-2017	21:11:00	30
28-03-2017	21:11:00	30
28-03-2017	21:11:00	30
28-03-2017	21:11:00	30
28-03-2017	21:11:00	30
28-03-2017	21:11:00	30
28-03-2017	21:11:00	30
28-03-2017	21:11:00	30
28-03-2017	21:11:00	30
28-03-2017	21:11:00	30
28-03-2017	21:11:00	30
28-03-2017	21:11:00	30
28-03-2017	21:11:00	30
28-03-2017	21:11:00	30
28-03-2017	21:11:00	30
28-03-2017	21:11:00	31
28-03-2017	21:11:00	30
28-03-2017	21:11:00	30
28-03-2017	21:11:00	30
28-03-2017	21:11:00	30
28-03-2017	21:11:00	30
28-03-2017	21:11:00	30
28-03-2017	21:11:00	30
28-03-2017	21:11:00	30
28-03-2017	21:11:00	30
28-03-2017	21:11:00	30
28-03-2017	21:11:00	30
28-03-2017	21:11:00	30
28-03-2017	21:11:00	30
28-03-2017	21:11:00	30
28-03-2017	21:11:00	30
28-03-2017	21:11:00	30
28-03-2017	21:11:00	30
28-03-2017	21:11:00	30
28-03-2017	21:11:00	30
28-03-2017	21:11:00	30
28-03-2017	21:11:00	30
28-03-2017	21:11:00	30
28-03-2017	21:11:00	30
28-03-2017	21:11:00	30
28-03-2017	21:11:00	30
28-03-2017	21:11:00	30
28-03-2017	21:11:00	30
28-03-2017	21:11:00	31
28-03-2017	21:11:00	30
28-03-2017	21:11:00	30
28-03-2017	21:11:00	30
28-03-2017	21:11:00	30
28-03-2017	21:11:00	31
28-03-2017	21:11:00	30
28-03-2017	21:11:00	30
28-03-2017	21:11:00	30
28-03-2017	21:11:00	30
28-03-2017	21:11:00	30
28-03-2017	21:11:00	30
28-03-2017	21:11:00	30
28-03-2017	21:11:00	30
28-03-2017	21:11:00	30
28-03-2017	21:11:00	30
28-03-2017	21:11:00	31
28-03-2017	21:12:00	30
28-03-2017	21:12:00	30
28-03-2017	21:12:00	30
28-03-2017	21:12:00	30
28-03-2017	21:12:00	29
28-03-2017	21:12:00	30
28-03-2017	21:12:00	30
28-03-2017	21:12:00	30
28-03-2017	21:12:00	30
28-03-2017	21:12:00	30
28-03-2017	21:12:00	30
28-03-2017	21:12:00	30
28-03-2017	21:12:00	30
28-03-2017	21:12:00	30
28-03-2017	21:12:00	30
28-03-2017	21:12:00	30
28-03-2017	21:12:00	31
28-03-2017	21:12:00	30
28-03-2017	21:12:00	30
28-03-2017	21:12:00	30
28-03-2017	21:12:00	30
28-03-2017	21:12:00	31
28-03-2017	21:12:00	30
28-03-2017	21:12:00	30
28-03-2017	21:12:00	30
28-03-2017	21:12:00	31
28-03-2017	21:12:00	30
28-03-2017	21:12:00	30
28-03-2017	21:12:00	30
28-03-2017	21:12:00	30
28-03-2017	21:12:00	30
28-03-2017	21:12:00	31
28-03-2017	21:12:00	30
28-03-2017	21:12:00	31
28-03-2017	21:12:00	31
28-03-2017	21:12:00	30
28-03-2017	21:12:00	30
28-03-2017	21:12:00	31
28-03-2017	21:12:00	30
28-03-2017	21:12:00	30
28-03-2017	21:12:00	31
28-03-2017	21:12:00	30
28-03-2017	21:12:00	30
28-03-2017	21:12:00	30
28-03-2017	21:12:00	30
28-03-2017	21:12:00	30
28-03-2017	21:12:00	30
28-03-2017	21:12:00	30
28-03-2017	21:12:00	30
28-03-2017	21:12:00	30
28-03-2017	21:12:00	30
28-03-2017	21:12:00	30
28-03-2017	21:12:00	31
28-03-2017	21:12:00	30
28-03-2017	21:12:00	31
28-03-2017	21:12:00	31
28-03-2017	21:12:00	31
28-03-2017	21:12:00	30
28-03-2017	21:12:00	30
28-03-2017	21:12:00	30
28-03-2017	21:13:00	30
28-03-2017	21:13:00	30
28-03-2017	21:13:00	30
28-03-2017	21:13:00	30
28-03-2017	21:13:00	30
28-03-2017	21:13:00	30
28-03-2017	21:13:00	30
28-03-2017	21:13:00	30
28-03-2017	21:13:00	30
28-03-2017	21:13:00	30
28-03-2017	21:13:00	30
28-03-2017	21:13:00	30
28-03-2017	21:13:00	30
28-03-2017	21:13:00	30
28-03-2017	21:13:00	30
28-03-2017	21:13:00	30
28-03-2017	21:13:00	30
28-03-2017	21:13:00	30
28-03-2017	21:13:00	30
28-03-2017	21:13:00	30
28-03-2017	21:13:00	30
28-03-2017	21:13:00	30
28-03-2017	21:13:00	30
28-03-2017	21:13:00	30
28-03-2017	21:13:00	30
28-03-2017	21:13:00	30
28-03-2017	21:13:00	30
28-03-2017	21:13:00	30
28-03-2017	21:13:00	30
28-03-2017	21:13:00	30
28-03-2017	21:13:00	30
28-03-2017	21:13:00	30
28-03-2017	21:13:00	30
28-03-2017	21:13:00	30
28-03-2017	21:13:00	30
28-03-2017	21:13:00	30
28-03-2017	21:13:00	30
28-03-2017	21:13:00	30
28-03-2017	21:13:00	30
28-03-2017	21:13:00	30
28-03-2017	21:13:00	30
28-03-2017	21:13:00	30
28-03-2017	21:13:00	30
28-03-2017	21:13:00	30
28-03-2017	21:13:00	30
28-03-2017	21:13:00	30
28-03-2017	21:13:00	30
28-03-2017	21:13:00	30
28-03-2017	21:13:00	30
28-03-2017	21:13:00	30
28-03-2017	21:13:00	30
28-03-2017	21:13:00	30
28-03-2017	21:13:00	30
28-03-2017	21:13:00	30
28-03-2017	21:13:00	30
28-03-2017	21:13:00	30
28-03-2017	21:13:00	30
28-03-2017	21:13:00	30
28-03-2017	21:13:00	30
28-03-2017	21:13:00	30
28-03-2017	21:14:00	30
28-03-2017	21:14:00	30
28-03-2017	21:14:00	30
28-03-2017	21:14:00	30
28-03-2017	21:14:00	30
28-03-2017	21:14:00	30
28-03-2017	21:14:00	31
28-03-2017	21:14:00	30
28-03-2017	21:14:00	30
28-03-2017	21:14:00	30
28-03-2017	21:14:00	30
28-03-2017	21:14:00	30
28-03-2017	21:14:00	30
28-03-2017	21:14:00	30
28-03-2017	21:14:00	30
28-03-2017	21:14:00	30
28-03-2017	21:14:00	30
28-03-2017	21:14:00	30
28-03-2017	21:14:00	30
28-03-2017	21:14:00	30
28-03-2017	21:14:00	30
28-03-2017	21:14:00	30
28-03-2017	21:14:00	30
28-03-2017	21:14:00	30
28-03-2017	21:14:00	30
28-03-2017	21:14:00	30
28-03-2017	21:14:00	31
28-03-2017	21:14:00	30
28-03-2017	21:14:00	30
28-03-2017	21:14:00	30
28-03-2017	21:14:00	32
28-03-2017	21:14:00	30
28-03-2017	21:14:00	30
28-03-2017	21:14:00	30
28-03-2017	21:14:00	30
28-03-2017	21:14:00	30
28-03-2017	21:14:00	30
28-03-2017	21:14:00	30
28-03-2017	21:14:00	30
28-03-2017	21:14:00	30
28-03-2017	21:14:00	30
28-03-2017	21:14:00	29
28-03-2017	21:14:00	30
28-03-2017	21:14:00	30
28-03-2017	21:14:00	30
28-03-2017	21:14:00	30
28-03-2017	21:14:00	30
28-03-2017	21:14:00	30
28-03-2017	21:14:00	30
28-03-2017	21:14:00	30
28-03-2017	21:14:00	30
28-03-2017	21:14:00	30
28-03-2017	21:14:00	30
28-03-2017	21:14:00	30
28-03-2017	21:14:00	30
28-03-2017	21:14:00	30
28-03-2017	21:14:00	30
28-03-2017	21:14:00	30
28-03-2017	21:14:00	30
28-03-2017	21:15:00	30
28-03-2017	21:15:00	30
28-03-2017	21:15:00	30
28-03-2017	21:15:00	30
28-03-2017	21:15:00	30
28-03-2017	21:15:00	30
28-03-2017	21:15:00	30
28-03-2017	21:15:00	30
28-03-2017	21:15:00	30
28-03-2017	21:15:00	30
28-03-2017	21:15:00	30
28-03-2017	21:15:00	30
28-03-2017	21:15:00	30
28-03-2017	21:15:00	30
28-03-2017	21:15:00	30
28-03-2017	21:15:00	31
28-03-2017	21:15:00	30
28-03-2017	21:15:00	30
28-03-2017	21:15:00	30
28-03-2017	21:15:00	31
28-03-2017	21:15:00	30
28-03-2017	21:15:00	30
28-03-2017	21:15:00	30
28-03-2017	21:15:00	30
28-03-2017	21:15:00	30
28-03-2017	21:15:00	30
28-03-2017	21:15:00	30
28-03-2017	21:15:00	30
28-03-2017	21:15:00	31
28-03-2017	21:15:00	30
28-03-2017	21:15:00	30
28-03-2017	21:15:00	30
28-03-2017	21:15:00	30
28-03-2017	21:15:00	30
28-03-2017	21:15:00	31
28-03-2017	21:15:00	31
28-03-2017	21:15:00	30
28-03-2017	21:15:00	31
28-03-2017	21:15:00	30
28-03-2017	21:15:00	30
28-03-2017	21:15:00	30
28-03-2017	21:15:00	30
28-03-2017	21:15:00	30
28-03-2017	21:15:00	30
28-03-2017	21:15:00	30
28-03-2017	21:15:00	30
28-03-2017	21:15:00	30
28-03-2017	21:15:00	30
28-03-2017	21:15:00	30
28-03-2017	21:15:00	30
28-03-2017	21:15:00	30
28-03-2017	21:15:00	30
28-03-2017	21:15:00	30
28-03-2017	21:15:00	30
28-03-2017	21:15:00	30
28-03-2017	21:15:00	30
28-03-2017	21:15:00	30
28-03-2017	21:15:00	30
28-03-2017	21:15:00	30
28-03-2017	21:15:00	30
28-03-2017	21:16:00	30
28-03-2017	21:16:00	30
28-03-2017	21:16:00	30
28-03-2017	21:16:00	30
28-03-2017	21:16:00	30
28-03-2017	21:16:00	30
28-03-2017	21:16:00	30
28-03-2017	21:16:00	30
28-03-2017	21:16:00	30
28-03-2017	21:16:00	30
28-03-2017	21:16:00	30
28-03-2017	21:16:00	30
28-03-2017	21:16:00	30
28-03-2017	21:16:00	30
28-03-2017	21:16:00	30
28-03-2017	21:16:00	30
28-03-2017	21:16:00	31
28-03-2017	21:16:00	31
28-03-2017	21:16:00	30
28-03-2017	21:16:00	30
28-03-2017	21:16:00	30
28-03-2017	21:16:00	30
28-03-2017	21:16:00	30
28-03-2017	21:16:00	30
28-03-2017	21:16:00	30
28-03-2017	21:16:00	30
28-03-2017	21:16:00	30
28-03-2017	21:16:00	30
28-03-2017	21:16:00	30
28-03-2017	21:16:00	30
28-03-2017	21:16:00	30
28-03-2017	21:16:00	31
28-03-2017	21:16:00	30
28-03-2017	21:16:00	30
28-03-2017	21:16:00	30
28-03-2017	21:16:00	30
28-03-2017	21:16:00	30
28-03-2017	21:16:00	30
28-03-2017	21:16:00	30
28-03-2017	21:16:00	30
28-03-2017	21:16:00	30
28-03-2017	21:16:00	30
28-03-2017	21:16:00	30
28-03-2017	21:16:00	30
28-03-2017	21:16:00	30
28-03-2017	21:16:00	30
28-03-2017	21:16:00	30
28-03-2017	21:16:00	30
28-03-2017	21:16:00	30
28-03-2017	21:16:00	30
28-03-2017	21:16:00	30
28-03-2017	21:16:00	30
28-03-2017	21:16:00	30
28-03-2017	21:16:00	30
28-03-2017	21:16:00	30
28-03-2017	21:16:00	30
28-03-2017	21:16:00	30
28-03-2017	21:16:00	30
28-03-2017	21:16:00	30
28-03-2017	21:16:00	30
28-03-2017	21:17:00	30
28-03-2017	21:17:00	30
28-03-2017	21:17:00	30
28-03-2017	21:17:00	30
28-03-2017	21:17:00	30
28-03-2017	21:17:00	30
28-03-2017	21:17:00	30
28-03-2017	21:17:00	30
28-03-2017	21:17:00	30
28-03-2017	21:17:00	30
28-03-2017	21:17:00	30
28-03-2017	21:17:00	31
28-03-2017	21:17:00	30
28-03-2017	21:17:00	30
28-03-2017	21:17:00	30
28-03-2017	21:17:00	30
28-03-2017	21:17:00	30
28-03-2017	21:17:00	30
28-03-2017	21:17:00	30
28-03-2017	21:17:00	30
28-03-2017	21:17:00	30
28-03-2017	21:17:00	30
28-03-2017	21:17:00	30
28-03-2017	21:17:00	30
28-03-2017	21:17:00	30
28-03-2017	21:17:00	30
28-03-2017	21:17:00	30
28-03-2017	21:17:00	30
28-03-2017	21:17:00	31
28-03-2017	21:17:00	30
28-03-2017	21:17:00	30
28-03-2017	21:17:00	30
28-03-2017	21:17:00	31
28-03-2017	21:17:00	30
28-03-2017	21:17:00	30
28-03-2017	21:17:00	30
28-03-2017	21:17:00	30
28-03-2017	21:17:00	30
28-03-2017	21:17:00	30
28-03-2017	21:17:00	30
28-03-2017	21:17:00	30
28-03-2017	21:17:00	30
28-03-2017	21:17:00	30
28-03-2017	21:17:00	30
28-03-2017	21:17:00	30
28-03-2017	21:17:00	30
28-03-2017	21:17:00	30
28-03-2017	21:17:00	30
28-03-2017	21:17:00	30
28-03-2017	21:17:00	30
28-03-2017	21:17:00	30
28-03-2017	21:17:00	30
28-03-2017	21:17:00	30
28-03-2017	21:17:00	30
28-03-2017	21:17:00	30
28-03-2017	21:17:00	30
28-03-2017	21:17:00	30
28-03-2017	21:17:00	30
28-03-2017	21:17:00	30
28-03-2017	21:17:00	30
28-03-2017	21:18:00	30
28-03-2017	21:18:00	30
28-03-2017	21:18:00	30
28-03-2017	21:18:00	30
28-03-2017	21:18:00	30
28-03-2017	21:18:00	30
28-03-2017	21:18:00	30
28-03-2017	21:18:00	30
28-03-2017	21:18:00	30
28-03-2017	21:18:00	30
28-03-2017	21:18:00	30
28-03-2017	21:18:00	31
28-03-2017	21:18:00	30
28-03-2017	21:18:00	30
28-03-2017	21:18:00	30
28-03-2017	21:18:00	30
28-03-2017	21:18:00	30
28-03-2017	21:18:00	30
28-03-2017	21:18:00	30
28-03-2017	21:18:00	30
28-03-2017	21:18:00	30
28-03-2017	21:18:00	30
28-03-2017	21:18:00	30
28-03-2017	21:18:00	30
28-03-2017	21:18:00	30
28-03-2017	21:18:00	30
28-03-2017	21:18:00	30
28-03-2017	21:18:00	30
28-03-2017	21:18:00	30
28-03-2017	21:18:00	30
28-03-2017	21:18:00	30
28-03-2017	21:18:00	30
28-03-2017	21:18:00	30
28-03-2017	21:18:00	30
28-03-2017	21:18:00	30
28-03-2017	21:18:00	30
28-03-2017	21:18:00	30
28-03-2017	21:18:00	30
28-03-2017	21:18:00	30
28-03-2017	21:18:00	30
28-03-2017	21:18:00	30
28-03-2017	21:18:00	30
28-03-2017	21:18:00	30
28-03-2017	21:18:00	30
28-03-2017	21:18:00	30
28-03-2017	21:18:00	30
28-03-2017	21:18:00	30
28-03-2017	21:18:00	30
28-03-2017	21:18:00	30
28-03-2017	21:18:00	30
28-03-2017	21:18:00	30
28-03-2017	21:18:00	31
28-03-2017	21:18:00	30
28-03-2017	21:18:00	30
28-03-2017	21:18:00	30
28-03-2017	21:18:00	30
28-03-2017	21:18:00	30
28-03-2017	21:18:00	30
28-03-2017	21:18:00	30
28-03-2017	21:18:00	31
28-03-2017	21:19:00	30
28-03-2017	21:19:00	31
28-03-2017	21:19:00	31
28-03-2017	21:19:00	30
28-03-2017	21:19:00	30
28-03-2017	21:19:00	30
28-03-2017	21:19:00	30
28-03-2017	21:19:00	30
28-03-2017	21:19:00	31
28-03-2017	21:19:00	30
28-03-2017	21:19:00	31
28-03-2017	21:19:00	30
28-03-2017	21:19:00	30
28-03-2017	21:19:00	30
28-03-2017	21:19:00	30
28-03-2017	21:19:00	30
28-03-2017	21:19:00	30
28-03-2017	21:19:00	31
28-03-2017	21:19:00	30
28-03-2017	21:19:00	31
28-03-2017	21:19:00	30
28-03-2017	21:19:00	30
28-03-2017	21:19:00	31
28-03-2017	21:19:00	30
28-03-2017	21:19:00	30
28-03-2017	21:19:00	30
28-03-2017	21:19:00	30
28-03-2017	21:19:00	31
28-03-2017	21:19:00	30
28-03-2017	21:19:00	30
28-03-2017	21:19:00	31
28-03-2017	21:19:00	30
28-03-2017	21:19:00	31
28-03-2017	21:19:00	31
28-03-2017	21:19:00	30
28-03-2017	21:19:00	30
28-03-2017	21:19:00	30
28-03-2017	21:19:00	30
28-03-2017	21:19:00	30
28-03-2017	21:19:00	30
28-03-2017	21:19:00	30
28-03-2017	21:19:00	30
28-03-2017	21:19:00	30
28-03-2017	21:19:00	30
28-03-2017	21:19:00	30
28-03-2017	21:19:00	30
28-03-2017	21:19:00	30
28-03-2017	21:19:00	30
28-03-2017	21:19:00	30
28-03-2017	21:19:00	30
28-03-2017	21:19:00	30
28-03-2017	21:19:00	30
28-03-2017	21:19:00	30
28-03-2017	21:19:00	30
28-03-2017	21:19:00	30
28-03-2017	21:19:00	30
28-03-2017	21:19:00	30
28-03-2017	21:19:00	30
28-03-2017	21:19:00	30
28-03-2017	21:19:00	30
28-03-2017	21:20:00	30
28-03-2017	21:20:00	30
28-03-2017	21:20:00	30
28-03-2017	21:20:00	30
28-03-2017	21:20:00	30
28-03-2017	21:20:00	30
28-03-2017	21:20:00	30
28-03-2017	21:20:00	30
28-03-2017	21:20:00	30
28-03-2017	21:20:00	30
28-03-2017	21:20:00	30
28-03-2017	21:20:00	31
28-03-2017	21:20:00	30
28-03-2017	21:20:00	30
28-03-2017	21:20:00	30
28-03-2017	21:20:00	30
28-03-2017	21:20:00	30
28-03-2017	21:20:00	30
28-03-2017	21:20:00	30
28-03-2017	21:20:00	30
28-03-2017	21:20:00	30
28-03-2017	21:20:00	30
28-03-2017	21:20:00	30
28-03-2017	21:20:00	30
28-03-2017	21:20:00	30
28-03-2017	21:20:00	30
28-03-2017	21:20:00	30
28-03-2017	21:20:00	30
28-03-2017	21:20:00	30
28-03-2017	21:20:00	30
28-03-2017	21:20:00	31
28-03-2017	21:20:00	31
28-03-2017	21:20:00	30
28-03-2017	21:20:00	30
28-03-2017	21:20:00	30
28-03-2017	21:20:00	30
28-03-2017	21:20:00	30
28-03-2017	21:20:00	31
28-03-2017	21:20:00	30
28-03-2017	21:20:00	30
28-03-2017	21:20:00	30
28-03-2017	21:20:00	30
28-03-2017	21:20:00	30
28-03-2017	21:20:00	30
28-03-2017	21:20:00	30
28-03-2017	21:20:00	31
28-03-2017	21:20:00	30
28-03-2017	21:20:00	30
28-03-2017	21:20:00	30
28-03-2017	21:20:00	30
28-03-2017	21:20:00	30
28-03-2017	21:20:00	30
28-03-2017	21:20:00	30
28-03-2017	21:20:00	30
28-03-2017	21:20:00	30
28-03-2017	21:20:00	30
28-03-2017	21:20:00	30
28-03-2017	21:20:00	30
28-03-2017	21:20:00	30
28-03-2017	21:20:00	30
28-03-2017	21:21:00	30
28-03-2017	21:21:00	30
28-03-2017	21:21:00	30
28-03-2017	21:21:00	30
28-03-2017	21:21:00	30
28-03-2017	21:21:00	30
28-03-2017	21:21:00	30
28-03-2017	21:21:00	30
28-03-2017	21:21:00	30
28-03-2017	21:21:00	30
28-03-2017	21:21:00	30
28-03-2017	21:21:00	30
28-03-2017	21:21:00	30
28-03-2017	21:21:00	30
28-03-2017	21:21:00	30
28-03-2017	21:21:00	30
28-03-2017	21:21:00	30
28-03-2017	21:21:00	30
28-03-2017	21:21:00	30
28-03-2017	21:21:00	30
28-03-2017	21:21:00	30
28-03-2017	21:21:00	30
28-03-2017	21:21:00	30
28-03-2017	21:21:00	30
28-03-2017	21:21:00	30
28-03-2017	21:21:00	30
28-03-2017	21:21:00	30
28-03-2017	21:21:00	30
28-03-2017	21:21:00	30
28-03-2017	21:21:00	30
28-03-2017	21:21:00	30
28-03-2017	21:21:00	30
28-03-2017	21:21:00	30
28-03-2017	21:21:00	31
28-03-2017	21:21:00	30
28-03-2017	21:21:00	30
28-03-2017	21:21:00	30
28-03-2017	21:21:00	31
28-03-2017	21:21:00	30
28-03-2017	21:21:00	30
28-03-2017	21:21:00	31
28-03-2017	21:21:00	30
28-03-2017	21:21:00	30
28-03-2017	21:21:00	30
28-03-2017	21:21:00	30
28-03-2017	21:21:00	31
28-03-2017	21:21:00	30
28-03-2017	21:21:00	30
28-03-2017	21:21:00	30
28-03-2017	21:21:00	30
28-03-2017	21:21:00	30
28-03-2017	21:21:00	30
28-03-2017	21:21:00	30
28-03-2017	21:21:00	30
28-03-2017	21:21:00	30
28-03-2017	21:21:00	30
28-03-2017	21:21:00	30
28-03-2017	21:21:00	30
28-03-2017	21:21:00	30
28-03-2017	21:21:00	30
28-03-2017	21:22:00	30
28-03-2017	21:22:00	30
28-03-2017	21:22:00	30
28-03-2017	21:22:00	30
28-03-2017	21:22:00	30
28-03-2017	21:22:00	29
28-03-2017	21:22:00	31
28-03-2017	21:22:00	31
28-03-2017	21:22:00	30
28-03-2017	21:22:00	30
28-03-2017	21:22:00	30
28-03-2017	21:22:00	31
28-03-2017	21:22:00	30
28-03-2017	21:22:00	30
28-03-2017	21:22:00	30
28-03-2017	21:22:00	30
28-03-2017	21:22:00	30
28-03-2017	21:22:00	31
28-03-2017	21:22:00	30
28-03-2017	21:22:00	30
28-03-2017	21:22:00	30
28-03-2017	21:22:00	30
28-03-2017	21:22:00	30
28-03-2017	21:22:00	30
28-03-2017	21:22:00	30
28-03-2017	21:22:00	30
28-03-2017	21:22:00	30
28-03-2017	21:22:00	30
28-03-2017	21:22:00	30
28-03-2017	21:22:00	30
28-03-2017	21:22:00	30
28-03-2017	21:22:00	30
28-03-2017	21:22:00	30
28-03-2017	21:22:00	30
28-03-2017	21:22:00	30
28-03-2017	21:22:00	30
28-03-2017	21:22:00	30
28-03-2017	21:22:00	30
28-03-2017	21:22:00	30
28-03-2017	21:22:00	30
28-03-2017	21:22:00	30
28-03-2017	21:22:00	30
28-03-2017	21:22:00	30
28-03-2017	21:22:00	30
28-03-2017	21:22:00	30
28-03-2017	21:22:00	30
28-03-2017	21:22:00	30
28-03-2017	21:22:00	30
28-03-2017	21:22:00	30
28-03-2017	21:22:00	30
28-03-2017	21:22:00	30
28-03-2017	21:22:00	29
28-03-2017	21:22:00	30
28-03-2017	21:22:00	30
28-03-2017	21:22:00	30
28-03-2017	21:22:00	30
28-03-2017	21:22:00	30
28-03-2017	21:22:00	30
28-03-2017	21:22:00	30
28-03-2017	21:22:00	30
28-03-2017	21:23:00	30
28-03-2017	21:23:00	30
28-03-2017	21:23:00	30
28-03-2017	21:23:00	30
28-03-2017	21:23:00	30
28-03-2017	21:23:00	30
28-03-2017	21:23:00	30
28-03-2017	21:23:00	30
28-03-2017	21:23:00	30
28-03-2017	21:23:00	30
28-03-2017	21:23:00	30
28-03-2017	21:23:00	31
28-03-2017	21:23:00	30
28-03-2017	21:23:00	30
28-03-2017	21:23:00	30
28-03-2017	21:23:00	30
28-03-2017	21:23:00	30
28-03-2017	21:23:00	30
28-03-2017	21:23:00	30
28-03-2017	21:23:00	30
28-03-2017	21:23:00	30
28-03-2017	21:23:00	30
28-03-2017	21:23:00	29
28-03-2017	21:23:00	29
28-03-2017	21:23:00	30
28-03-2017	21:23:00	30
28-03-2017	21:23:00	30
28-03-2017	21:23:00	29
28-03-2017	21:23:00	31
28-03-2017	21:23:00	30
28-03-2017	21:23:00	30
28-03-2017	21:23:00	30
28-03-2017	21:23:00	29
28-03-2017	21:23:00	30
28-03-2017	21:23:00	30
28-03-2017	21:23:00	30
28-03-2017	21:23:00	30
28-03-2017	21:23:00	30
28-03-2017	21:23:00	30
28-03-2017	21:23:00	30
28-03-2017	21:23:00	30
28-03-2017	21:23:00	30
28-03-2017	21:23:00	30
28-03-2017	21:23:00	30
28-03-2017	21:23:00	30
28-03-2017	21:23:00	29
28-03-2017	21:23:00	30
28-03-2017	21:23:00	30
28-03-2017	21:23:00	30
28-03-2017	21:23:00	30
28-03-2017	21:23:00	29
28-03-2017	21:23:00	30
28-03-2017	21:23:00	29
28-03-2017	21:23:00	30
28-03-2017	21:23:00	30
28-03-2017	21:23:00	29
28-03-2017	21:23:00	30
28-03-2017	21:23:00	30
28-03-2017	21:23:00	30
28-03-2017	21:23:00	29
28-03-2017	21:24:00	29
28-03-2017	21:24:00	30
28-03-2017	21:24:00	30
28-03-2017	21:24:00	30
28-03-2017	21:24:00	29
28-03-2017	21:24:00	29
28-03-2017	21:24:00	29
28-03-2017	21:24:00	30
28-03-2017	21:24:00	29
28-03-2017	21:24:00	29
28-03-2017	21:24:00	29
28-03-2017	21:24:00	29
28-03-2017	21:24:00	29
28-03-2017	21:24:00	29
28-03-2017	21:24:00	29
28-03-2017	21:24:00	29
28-03-2017	21:24:00	29
28-03-2017	21:24:00	29
28-03-2017	21:24:00	30
28-03-2017	21:24:00	29
28-03-2017	21:24:00	29
28-03-2017	21:24:00	29
28-03-2017	21:24:00	29
28-03-2017	21:24:00	29
28-03-2017	21:24:00	29
28-03-2017	21:24:00	29
28-03-2017	21:24:00	29
28-03-2017	21:24:00	29
28-03-2017	21:24:00	29
28-03-2017	21:24:00	29
28-03-2017	21:24:00	29
28-03-2017	21:24:00	29
28-03-2017	21:24:00	29
28-03-2017	21:24:00	30
28-03-2017	21:24:00	29
28-03-2017	21:24:00	29
28-03-2017	21:24:00	30
28-03-2017	21:24:00	29
28-03-2017	21:24:00	29
28-03-2017	21:24:00	29
28-03-2017	21:24:00	29
28-03-2017	21:24:00	29
28-03-2017	21:24:00	29
28-03-2017	21:24:00	29
28-03-2017	21:24:00	29
28-03-2017	21:24:00	29
28-03-2017	21:24:00	29
28-03-2017	21:24:00	29
28-03-2017	21:24:00	29
28-03-2017	21:24:00	29
28-03-2017	21:24:00	29
28-03-2017	21:24:00	30
28-03-2017	21:24:00	29
28-03-2017	21:24:00	29
28-03-2017	21:24:00	29
28-03-2017	21:24:00	29
28-03-2017	21:24:00	29
28-03-2017	21:24:00	29
28-03-2017	21:24:00	29
28-03-2017	21:24:00	30
28-03-2017	21:25:00	29
28-03-2017	21:25:00	29
28-03-2017	21:25:00	29
28-03-2017	21:25:00	29
28-03-2017	21:25:00	29
28-03-2017	21:25:00	29
28-03-2017	21:25:00	29
28-03-2017	21:25:00	29
28-03-2017	21:25:00	29
28-03-2017	21:25:00	29
28-03-2017	21:25:00	29
28-03-2017	21:25:00	29
28-03-2017	21:25:00	29
28-03-2017	21:25:00	29
28-03-2017	21:25:00	29
28-03-2017	21:25:00	29
28-03-2017	21:25:00	29
28-03-2017	21:25:00	29
28-03-2017	21:25:00	29
28-03-2017	21:25:00	29
28-03-2017	21:25:00	29
28-03-2017	21:25:00	29
28-03-2017	21:25:00	29
28-03-2017	21:25:00	29
28-03-2017	21:25:00	29
28-03-2017	21:25:00	29
28-03-2017	21:25:00	29
28-03-2017	21:25:00	29
28-03-2017	21:25:00	29
28-03-2017	21:25:00	29
28-03-2017	21:25:00	29
28-03-2017	21:25:00	29
28-03-2017	21:25:00	29
28-03-2017	21:25:00	29
28-03-2017	21:25:00	29
28-03-2017	21:25:00	29
28-03-2017	21:25:00	29
28-03-2017	21:25:00	29
28-03-2017	21:25:00	29
28-03-2017	21:25:00	29
28-03-2017	21:25:00	29
28-03-2017	21:25:00	29
28-03-2017	21:25:00	29
28-03-2017	21:25:00	30
28-03-2017	21:25:00	29
28-03-2017	21:25:00	29
28-03-2017	21:25:00	29
28-03-2017	21:25:00	29
28-03-2017	21:25:00	29
28-03-2017	21:25:00	29
28-03-2017	21:25:00	29
28-03-2017	21:25:00	29
28-03-2017	21:25:00	30
28-03-2017	21:25:00	29
28-03-2017	21:25:00	29
28-03-2017	21:25:00	29
28-03-2017	21:25:00	29
28-03-2017	21:25:00	29
28-03-2017	21:25:00	29
28-03-2017	21:26:00	29
28-03-2017	21:26:00	29
28-03-2017	21:26:00	29
28-03-2017	21:26:00	29
28-03-2017	21:26:00	29
28-03-2017	21:26:00	29
28-03-2017	21:26:00	29
28-03-2017	21:26:00	29
28-03-2017	21:26:00	29
28-03-2017	21:26:00	29
28-03-2017	21:26:00	29
28-03-2017	21:26:00	29
28-03-2017	21:26:00	29
28-03-2017	21:26:00	29
28-03-2017	21:26:00	29
28-03-2017	21:26:00	29
28-03-2017	21:26:00	29
28-03-2017	21:26:00	29
28-03-2017	21:26:00	29
28-03-2017	21:26:00	29
28-03-2017	21:26:00	29
28-03-2017	21:26:00	29
28-03-2017	21:26:00	29
28-03-2017	21:26:00	29
28-03-2017	21:26:00	29
28-03-2017	21:26:00	29
28-03-2017	21:26:00	29
28-03-2017	21:26:00	29
28-03-2017	21:26:00	29
28-03-2017	21:26:00	29
28-03-2017	21:26:00	29
28-03-2017	21:26:00	29
28-03-2017	21:26:00	29
28-03-2017	21:26:00	29
28-03-2017	21:26:00	29
28-03-2017	21:26:00	29
28-03-2017	21:26:00	30
28-03-2017	21:26:00	29
28-03-2017	21:26:00	29
28-03-2017	21:26:00	29
28-03-2017	21:26:00	29
28-03-2017	21:26:00	29
28-03-2017	21:26:00	29
28-03-2017	21:26:00	29
28-03-2017	21:26:00	29
28-03-2017	21:26:00	29
28-03-2017	21:26:00	29
28-03-2017	21:26:00	29
28-03-2017	21:26:00	29
28-03-2017	21:26:00	29
28-03-2017	21:26:00	30
28-03-2017	21:26:00	30
28-03-2017	21:26:00	30
28-03-2017	21:26:00	29
28-03-2017	21:26:00	30
28-03-2017	21:26:00	30
28-03-2017	21:26:00	29
28-03-2017	21:26:00	29
28-03-2017	21:26:00	30
28-03-2017	21:26:00	29
28-03-2017	21:27:00	30
28-03-2017	21:27:00	30
28-03-2017	21:27:00	30
28-03-2017	21:27:00	29
28-03-2017	21:27:00	30
28-03-2017	21:27:00	29
28-03-2017	21:27:00	30
28-03-2017	21:27:00	29
28-03-2017	21:27:00	30
28-03-2017	21:27:00	30
28-03-2017	21:27:00	30
28-03-2017	21:27:00	30
28-03-2017	21:27:00	30
28-03-2017	21:27:00	30
28-03-2017	21:27:00	30
28-03-2017	21:27:00	29
28-03-2017	21:27:00	30
28-03-2017	21:27:00	30
28-03-2017	21:27:00	29
28-03-2017	21:27:00	30
28-03-2017	21:27:00	30
28-03-2017	21:27:00	30
28-03-2017	21:27:00	30
28-03-2017	21:27:00	30
28-03-2017	21:27:00	30
28-03-2017	21:27:00	30
28-03-2017	21:27:00	30
28-03-2017	21:27:00	30
28-03-2017	21:27:00	29
28-03-2017	21:27:00	30
28-03-2017	21:27:00	30
28-03-2017	21:27:00	30
28-03-2017	21:27:00	29
28-03-2017	21:27:00	30
28-03-2017	21:27:00	30
28-03-2017	21:27:00	30
28-03-2017	21:27:00	30
28-03-2017	21:27:00	30
28-03-2017	21:27:00	30
28-03-2017	21:27:00	30
28-03-2017	21:27:00	30
28-03-2017	21:27:00	30
28-03-2017	21:27:00	30
28-03-2017	21:27:00	30
28-03-2017	21:27:00	30
28-03-2017	21:27:00	30
28-03-2017	21:27:00	30
28-03-2017	21:27:00	30
28-03-2017	21:27:00	30
28-03-2017	21:27:00	30
28-03-2017	21:27:00	30
28-03-2017	21:27:00	30
28-03-2017	21:27:00	30
28-03-2017	21:27:00	30
28-03-2017	21:27:00	30
28-03-2017	21:27:00	30
28-03-2017	21:27:00	30
28-03-2017	21:27:00	30
28-03-2017	21:27:00	30
28-03-2017	21:27:00	30
28-03-2017	21:28:00	30
28-03-2017	21:28:00	30
28-03-2017	21:28:00	30
28-03-2017	21:28:00	30
28-03-2017	21:28:00	29
28-03-2017	21:28:00	30
28-03-2017	21:28:00	30
28-03-2017	21:28:00	30
28-03-2017	21:28:00	30
28-03-2017	21:28:00	30
28-03-2017	21:28:00	30
28-03-2017	21:28:00	30
28-03-2017	21:28:00	30
28-03-2017	21:28:00	30
28-03-2017	21:28:00	30
28-03-2017	21:28:00	30
28-03-2017	21:28:00	30
28-03-2017	21:28:00	30
